comment_id,text,label_asli,prediksi,benar,keyakinan
UgzBXm-PIhFWH5N7RkF4AaABAg,"Gak ada yg salah mul termul, denger kata ""nasehat"" aja kok udah tepuk tangan sambil melet2. Emg gitu kan prosedurnya, kocak bngt kalian 😂
Biasakan tonton full, cermati kata2/nasehat dari para hakim.",Negatif,Negatif,True,0.2586
Ugydj1LyfMKu0T5s2C94AaABAg,"Roy ,refli Harun ,BPK jendral dan banyak LG yg dukung rrt ,semua it hasil karena d berhentikn sama p Jokowi ,jdi model g trima d berhentikan tp d beri amanah mlh ngawur terpaksa d pecat tp g trima dia 2 in akhirnya iri hati lalu bepikir fitnah  supaya p Joko w keliatan jahn dta masyarakat",Negatif,Negatif,True,1.3619
UgxuF2_J9U-54_jNzCd4AaABAg,WKWKWKWK,Netral,Netral,True,0.7004
Ugy1xW12Kr8DVH0Q1h54AaABAg,Pada intinya jokodok ijazahnya asli pasti sdh ditunjukkan dr dl krn mbulet muter muter muter berarti jokodok TDK punya ijazah UGM,Positif,Positif,True,1.4459
UgxZLnEWSbWp3LFp5-V4AaABAg,Pak Jokowi tunjukkan ijazahnya Msalah ijazah,Positif,Positif,True,0.6412
Ugw2ujPwi1inVJvNMMt4AaABAg,"Kl semua minta maaf, ijasah palsu itu tidak akan terbongkar sampai yg punya ijasah MATI",Positif,Positif,True,1.2221
UgwZG4h-A_7es3ipnjJ4AaABAg,Semakin yakin ijazahnya jokowi palsu,Positif,Positif,True,3.4299
UgxnHUYFbOGs4UAjT054AaABAg,Mantap bpk Saldi Isra,Netral,Netral,True,0.2685
UgxNGzcUqTMPK0-YNwV4AaABAg,Pak Jokowi Yang Terbaik ❤ Sehat Selalu Bapak Jokowi Tetap JAYA Selamanya ♥️,Netral,Negatif,False,1.6023
UgxbvsNWBSVxN8SoLVJ4AaABAg,Josua kacauhhuhhhhhhhhh.😊😊😊😊😊😊,Netral,Netral,True,0.8884
UgwFEBvLG9iN_5ezSbJ4AaABAg,mantap Bu ajari mereka beretika,Netral,Netral,True,1.7619
Ugy9L1nDPcbAmBDTByJ4AaABAg,"gak akan sanggup spt nya ini untuk lanjut gugatan, terlalu kabur tuntutannya spt penyataan ymh prof saldi, 14 hari itu singkat, mending kabur sekalian langka seribu mempersiapkan sidang pengadilan dari pada loncat loncat sana sini. di KIP sdh di kasih dokumen salinan ijazah oleh KPU pun bikin makin pusing jg bonatua krn ternyata ada salinan aslinya.bisa jadi yg duluan mundur malah bonatua krn dia bukan ahli hukum atau penasehat roy cs. semua akan indah pada waktunya, makin di cari makin nyata kebenaran itu.",Negatif,Negatif,True,0.9335
Ugyq5YHTdzvvTDbN7Dh4AaABAg,Hedeeh.,Netral,Netral,True,0.7554
UgwTbinEVVesSz0aIVF4AaABAg,Sepertinya jokowi emang gak punya ijazah,Positif,Positif,True,1.5509
Ugx1YBPt9mCh6iA7Ujt4AaABAg,Sy mau muntah liat muka si aswannn ini,Netral,Netral,True,0.4273
UgwwPTJiQ93pE-B9mzh4AaABAg,Emang itu tifa &ak masuk akal pinter pinter bodoh suka bikin onar.. Bikin fitnah.. Dokter dokteran,Negatif,Negatif,True,0.6934
UgwFMS1B7mK2c8XylpB4AaABAg,Gk jauh induk n ternak nya...pembohong besar,Positif,Positif,True,1.0344
UgzK8-9bGLYhU-Fkzjt4AaABAg,"SEBENAR BENARNYA INI BUKAN TENTANG IJASAH S1 JOKOWI !!

Ini hanya masalah kekuatiran kalah pilpres lalu takut akan pengaruh jokowi di pilpres 2029 dst 😅😅

Isu ijasah adalah kelanjutan dari isu isu apapun sebelumnya, pki, occrp dll yang sudah gagal.
Kemarin dilanjut isu whoose tapi gagal.
Isu pemakzulan terus diupayakan .
Rencana isu ikn gagal , karena ikn ternyata diminati masyarakat.
Terus akan ada isu isu pada jokowi selamanya.",Negatif,Negatif,True,0.8903
Ugzo5EZYhT82aNT5J794AaABAg,Palsu 1000 persen,Positif,Positif,True,1.2936
UgwnNpRKqBrLK_TLJiB4AaABAg,"tapi ingat bahwa Mencaci maki, mungucapkan ujaran² kebencian, mencemarkan nama baik itu juga melanggar hukum bos ?? jadi yg diproses adalah bukan karna Roy menanyakan ijazah tapi mencaci maki & berujar kebencian juga mencemarkan nama baik",Negatif,Negatif,True,2.0151
Ugz7IwVSDaEr6CT3ZWZ4AaABAg,"Katanya 99.9% yakin ijazah Jokowi itu palsu. Seharusnya kalian2 justru  mendorong agar kasus ini selesai secara tuntas di pengadilan.  Kok sekarang malah ngemis2 minta kasus di stop ???

Dasar manusia2 koplak ngga punya harga diri..!!  Setelah menghina dan memfitnah orang tanpa bukti, seenaknya saja minta kasus di stop...😂😂😂",Negatif,Negatif,True,1.3079
Ugz0STG-EKdQPBPBy0h4AaABAg,Mantap hebat Hakimnya 👍,Netral,Netral,True,1.5358
Ugw5UlCUwO10FisW6854AaABAg,"saya setuju dengan pak Jokowi nggak nunjukin ijasah emang mereka"" siapa kecuali klu lapor  dan di tanya penyidik tentang keaslian ijasahnya baru tunjukin orang tak punya hak untuk paksa liat dokumen pribadi orang lain klu tau orang lain pakai arsip ilegal tinggal lapor",Negatif,Positif,False,0.4123
UgyrHOX1EjLLKusec3t4AaABAg,Roy panci kelihatan stres bgt,Netral,Netral,True,1.9058
UgwVJIiKwRMR8-xvRMV4AaABAg,kan ijazah nya sdh ditunjukan om hotman ko masih tanya ...,Negatif,Positif,False,0.7619
UgxsQaJBHB4XgYwIIxB4AaABAg,Yakin palsu,Positif,Positif,True,2.7913
Ugz4kMt_BgVtSRKRjx54AaABAg,"Terlihat jelas jokowi penipu,hukum harus ditegakan,mau hukum lewat keadilan,rimba atau akhirat,pilih jok?",Positif,Positif,True,0.199
UgwfBm6QLj1eBjj5Urt4AaABAg,"Percuma juga d tunjukkan ijazahnya,, lah wong ngeyel alias pembenci mana percaya. Sikat aja deh pak polisi..!!",Negatif,Negatif,True,0.9225
UgwaWjPrv4_GXVwTiCh4AaABAg,"Jujurlah, Pratikno dan Prof. OVA disandra untuk mensahihkan keaslian ijazah S1Jokowi. Alur Kuliah Jokowi terdaftar sampai 4 SMS, SMT ke-5 tidak daftar ulang di akademik fak. kehutanan UGM. Jadi Jokowi memimiliki kemampuan akademik hanya Sarjana Muda, tetapi S1 (Gelar Drs. dan Ir.) digunakan untuk Jabatan Walikota, Gubernur, dan Presiden RI Dua Periode. Perolehan ijazah S1 dipertanyakan proses akademiknya di institusi mana? Hadirnya RRT riset analisis pembuktian hipotesis diperoleh hasil 99,9 % Ijazah ini Palsu bukan produk UGM ttp di Biro Jasa lainnya. Kesimpulannya, Jabatan Publik Jokowi dan Gibran DISKUALIFIKASI YURIDIS FORMAL JABATAN PUBLIKNYA.",Positif,Positif,True,1.4894
UgwZZJlTEfeKXTGYAH54AaABAg,"Apanya sih yg hebat dari Roy Suryo ini,lagu indonesia Raya aja ngak hafal dia pas jadi mentri ngaco aja 😂😂😂",Netral,Netral,True,0.1285
UgxF21nHnfmnVLbWXLp4AaABAg,"PENEGAKAN HUKUM TIDAK ADA TAWAR MENAWAR !!! JIKA IJAZAH ITU PALSU,MAKA JOKOWI HARUS SEGERA DI PENJARA!!;",Positif,Positif,True,1.1387
Ugx7ud2l0ehzXjr0w-94AaABAg,"Kalau bener bener palsu terus mau apalagi, wong gak mau menunjukan, apalagi mau di sidang malah ngumpet gak mau nongol.",Positif,Positif,True,0.4755
Ugx4IDGn5SCHzrRSNWR4AaABAg,Betul❤❤❤,Netral,Netral,True,1.5348
Ugx1bUCI1PCPC2VzHK94AaABAg,Beri Contoh lah Kpd Mahasiswa nya Secara Profesional krn Mahasiswa  ini Calon2 Utk Pejabat Publik n Sbg. Dosen . 🙏,Netral,Positif,False,0.1369
Ugx9caZQUPsKl4pYysJ4AaABAg,"Sandi tdk pernah menyatakan ijazah Pak Jokowi palsu, sedangkan TIRORIS terlalu maju, langsung menyatakan ijazah Pak Jokowi palsu, sehingga hrs menerima konsekwensi dr ppernyataannya..😂",Negatif,Negatif,True,0.7249
Ugxph41iAb0uRsUvI6t4AaABAg,Selamat bekerja,Netral,Netral,True,0.2782
Ugx5B6v7tCLDNJnT7nN4AaABAg,Roy fanci tifah rismon kandangin ajah. Sama. Buaya,Netral,Netral,True,0.4173
Ugy63O8CwVFhIyJ2k1h4AaABAg,Tunjukan saja ijazah nya ke publik wahai pak jokowi,Positif,Positif,True,0.6148
UgxC3Qu3bn3UEz7tRhN4AaABAg,"REVOLUSI SEGERA SERET JOKOWI SEKELUARGA KEPENGADILAN,KAMI SUDAH MUAK SEMUA INI",Positif,Positif,True,0.6286
Ugwv_UBAuU-r2PlU5rd4AaABAg,Roy Suryo semakin gila,Netral,Netral,True,1.6043
Ugz3clqoSaXCA9AVle14AaABAg,"Tuh kan sudah ditunjukkan yg asli masih ngebacot teruss 😂😂
Selama ini koar2 minta ditunjukkan ..akhirnya dituruti ditunjukkan ..eeh masih cari² kesalahan orang tapi lupa kelakuan busuknya sendiri 😂😂",Negatif,Negatif,True,2.3793
UgyYsCabR6MQyiLe18d4AaABAg,Si Andi Azwan ini sdh Gila Ya,Netral,Netral,True,2.7015
Ugx1KvCtmjrC60uA4214AaABAg,Kasian rakyat harus mengonsumsi pemberitaan  fitnah Roy cs yg menuduh tidak bisa membuktikan sungguh konyol pendukung Roy cs,Negatif,Negatif,True,2.6445
UgwjvDxPsGuwIp5Nr7J4AaABAg,"1:38:54 wkwkwkwk aiman ngamoook, lempar aja pak pake gelas white coffenya😭😭😭😭",Netral,Netral,True,0.7538
UgwMm9v4qU70xMQ09cJ4AaABAg,Gedabrus semua.tidak.malu.urat.sudah putus,Positif,Netral,False,1.3726
Ugxzy7b1eOkT0-1ze3h4AaABAg,"Terus cari undang undang untuk membenarkan diri Jokowi udah sekacau ini dari berapa tahun Maslah ijazah blum beres,data pribadi data pribadi tai,lu itu di pilih oleh rakyat, enak banget si Jokowi jadi persiden ga pake ijazah,kita aja yang kerja harus pake ijazah, ingat di dunia ini tidak ada yang abadi",Positif,Positif,True,0.4171
UgwLrjPF27eWo_6dOsl4AaABAg,Sbetulnya ini akibat kecurangan di republik ini ada pejabat negara ber ijasah  palsu,Positif,Positif,True,1.4734
UgyWuKc8kjjtZ901HiN4AaABAg,"Yg nuduh Residivis, Kuasa hukum nya jg resedivis.. kalo masyarakatnya yg percaya, keder gw",Negatif,Negatif,True,1.082
UgyBBgDYA5psSwIy_2F4AaABAg,"Ijazah asli karena ada legalisir. Yg primer untuk apa lagi, jika pihak terkait sudah menjelaskan asli",Negatif,Positif,False,0.4806
UgwzFXHqTdKwDghKx-54AaABAg,Sdah sngt jelas di nomor ijazah sangt beda dgn ijazah asli.,Positif,Positif,True,1.2145
UgyzcXChY96s2Itqcl94AaABAg,"Menurit saya sudah benar bahwa masalah ini dibawa ke pengadilan. Tak usah diperdebatkan.  Yang lain cuma  bikin ruwet saja.. 
Ditunjukkan tak akan menyelesaikan masalah. Karena sudah terlanjur dinyatakan di depan umum dengan rekayasa IT dan fitnah.",Negatif,Negatif,True,0.3848
UgxV_Dw0p1dTDMnFXax4AaABAg,Suryo dah strees loh.,Netral,Netral,True,0.8386
UgwYdXVSv-B7h_J31n54AaABAg,"Salfok sm presenternya, pol cantiknya.. 😊",Netral,Netral,True,0.8839
Ugydl18fMNW_wex27RF4AaABAg,Cuma melihat😂😂,Netral,Netral,True,0.0191
UgzmRL3XZlujI4wL0qB4AaABAg,"Mana ada yang percaya dg ijazah jokowi, semua orang yakin 100% ijazah jokowi palsu... Media jangan maen plintir berita!!! Jangan menyesatkan!!!",Positif,Positif,True,1.9072
Ugwuhy63CAxE9AMIY6F4AaABAg,PAK PRABOWO TOLONG BERIKAN KEPASTIAN HUKUM DI ERA KEPEMIMPINAN BAPAK.,Netral,Negatif,False,0.4905
Ugz8dVfbPzoR_Idik8x4AaABAg,Semoga kebenaran terungkap rakyat yakin ijash palsu  100persen palsu,Positif,Positif,True,1.1685
UgwJpJEs_2TBFE7q5FZ4AaABAg,"Orang iri ya kayak gini,gila",Netral,Netral,True,2.0916
UgxG4ovqI3DKwYkPGed4AaABAg,Wkwkwk..mantab buk..tabok roy panci..😂,Netral,Netral,True,2.0367
UgyBaShhaB7XsE3Dxfl4AaABAg,"Terus pak jokowi , jgn terpancing gol tukang fitnah . Jgn sampai si bohir paling besarnya ketangkap.",Negatif,Negatif,True,1.4809
UgzJ_2GjAR4qAjN4o5J4AaABAg,Jangan jangan lembar pengujian skripsi dihilangkan seseorang untuk menguatkan tuduhan palsunya,Negatif,Positif,False,0.5797
UgxvNSqe9T_8UsmTQ7d4AaABAg,"Niatnya mau ngancurin Jokowi, Yg mau di hancurin santai² aja eh yg mau ngancurin ternyata malah udah berantakan sendiri 😂",Negatif,Negatif,True,1.187
UgwcwHGOlThX4fhPdfJ4AaABAg,Prof gayus???????,Netral,Netral,True,0.5883
UgxeeUZJm9Gmd1pfUM14AaABAg,"wah saya ini asli Jogja , terus terang saja UGM ini kan lebih bagus   coba Poto ijazah kan jelas beda kok masih muter2 terus to ?",Positif,Positif,True,1.3457
UgzkiEEPVgau-tKocH94AaABAg,"Banyak pembenci bpk Jokowi karena merasa mempunyai derajat yg lebih tinggi. 
Mereka tidak habis pikir dan tidak bisa terima... mengapa Jokowi bisa membawa naik bangsa indo ke level lebih tinggi ?
Mengapa bukan mereka yg melakukan / mendapatkan kehormatan itu ? Mengapa Jokowi yg jadi pahlawan dan dicintai mayoritas anak bangsa ?
Mengapa....????

Mereka lupa :
- mereka tdk punya akar kerendahan hati,
- mereka tidak punya semangat kerja keras yg disertai kejujuran dan ketulusan,
- mereka lebih suka mengambil/menerima daripada memberi.

Mayoritas rakyat indo mempunyai mata hati nurani, menyimak dan melihat secara terang benderang :

Bpk Jokowi adalah Berlian !
Sementara mereka adalah karat besi yg tak berguna

Salam jujur dan tetap berjuang bpk Joko Widodo 🙏",Negatif,Positif,False,0.001
UgyA9nyXIO-CDJffB3B4AaABAg,"Tahun kebangkitan ilmuwan ulama cerdik cendekiawan akademisi Indonesia, 2026. Kita bangsa Indonesia bersatu mewujudkan keadilan sosial bagi seluruh rakyat Indonesia NKRI Nusantara. 

Kami warga masyarakat mengawal dukungan dan doa untuk membela kejujuran dan keadilan. Mulai dari ijazah palsu Jokowi yang digunakan untuk melamar kerja presiden pejabat publik. Dan sebelum gubernur DKI walikota Solo.
Semoga Allah Subhanahuwata'ala tahun 2026 mengijinkan kemenangan kejujuran dan keadilan melawan Pembohonga dan kejahatan. Aamiin yaa Rabbal 'alamiin 🤲🏻🙏🏻",Positif,Positif,True,0.7047
UgxPfRc8XCYmZbS-2ed4AaABAg,Udah Roysuryo ngalah saja karna anda yg mulai kerusuhan yg tanpa berdasar ini...karna hasutan semata.,Negatif,Negatif,True,0.2376
UgwwYBCyEN2oMZjom254AaABAg,"Heh sur,  sy dlu jg waktu bikin skripsi (dlu jg disebutnya skripsi),  sy jg sllu brtanya pd Asdos sy  ktika mau diajukn k Dosen pmbimbing skripsi sy (krn sy mrasa gbs/takut salah & dimarahi dos pembimbing),  kbetuln Asdos sy orgnya ramah & mau ngajari!  
Jd MUNGKIN  begitu  jg dg p Jokowi.  Emg msalah??! & trbukti stiap Bab yg sy Ajukn pd  Dos pembimbing sllu di ACC,  paling hnya da  yg hrs ditambah ato dikurangi sdikit sj. 
& Akhirnya sy bs mnyelesaikn skripsi sy hya dlm waktu (klo g salah 5x pertemuan sj).  Alhamdulillah.  
& Skrg klo ditanya sypun Akn mngatakn : ""Berkat Asdos sy tu,  skripsi sy bs slesai dg cepat!""",Negatif,Positif,False,0.2691
Ugxx5SUmkFcYJghGoaR4AaABAg,"Sangat setuju Bu,",Netral,Netral,True,2.419
Ugxa7fsa7OssjQyd3B94AaABAg,"Ijazah ini memang bohong, ruwet dan terbelit2. Kesannya terus menutupi kebohongan2 yg ada. Aneh sekali kasus ini. Orang bodoh saja paham mainan ini.. 😂😂. Polisi sebagai APH konyol sekali.",Positif,Positif,True,1.3566
Ugyeb0_DNYB-hM_6jVl4AaABAg,Benar bu,Netral,Netral,True,0.9343
UgwRzMDAFV5qhiogMP94AaABAg,Sudah di bilang sejak awal..orng kalo dh benci ..mau di vonis hakim juga GK bakalan percaya..nanti kalo pas sidang pasti bilang jaksa suruhan .hakim di beli..sudah lahh .lenyapkan saja,Negatif,Negatif,True,1.7078
UgybOzr_xARvG5A6Doh4AaABAg,"Rakyat sudah paham,niat si Roy CS itu bukan untuk mencari kebenaran atau keaslian ijazah ini ada unsur politik dan ingin menghancurkan kredibilitas pak Jokowi dan keluarga dengan freming kebencian,fitnah orang orang ODGJ.",Negatif,Negatif,True,3.2983
UgyLyfi8BEIRzL_e1Ed4AaABAg,Haduh.....sederhana saja ko....yg diteliti roi objeknya fotocopy...apakah itu sudah benar?,Negatif,Negatif,True,0.088
UgyIf9QJJKSdFT3h-eN4AaABAg,Dulu dua orang di penjara Gus nur dan Bambang Tri kasus ijazah nya Jokowi.....sekarang ada 8 orang yg di ancam mendekam di penjara......,Negatif,Negatif,True,0.0424
UgxIux2704e2yuXw4il4AaABAg,"Sabbe satta bhavantu sukitata, semoga semua mahkluk berbahagia.",Netral,Netral,True,0.3011
Ugw1d1aaCVnxax2d0kx4AaABAg,"""nanti ditunjukan di pengadilan"". krna sementara masih dalam proses editing dan loby2 entah ke siapa, agar terlihat asli",Positif,Negatif,False,0.4086
Ugx4UXTfSoZou8MbQk14AaABAg,Buktinya ijazah asli GK pernah ditunjukkan aslinya,Positif,Positif,True,1.5181
UgxNmM5-wGSCdSHBxFR4AaABAg,"Kenapa para rektor tidak berani bertemu..dgn Roy Suryo cs..
Tidak berani menampilkan data..

Palsu....palsu..palsu",Positif,Positif,True,1.7739
Ugy6iBaHwKH1BCkNuAx4AaABAg,"Hakim MK sangat keren, kelihatan banget kualitas orang nya, sangat top.",Netral,Netral,True,0.497
Ugxe7MJi_DmanWCW1wN4AaABAg,pembenci jokowi itu  kebenaranpun akan menjadi salahh itulah kebencian dn kedengkian....,Negatif,Negatif,True,1.593
UgxmPgMeoQlFSMfhGB14AaABAg,"Apakah ini tanda2 di akhir jaman, banyak sekali orang pintar tp keblinger. Menyerang orang yg pernah memperjuangkan indonesia selama 10 th. Dan oknum2nya hanya itu2 sj, jangan pernah ibu pertiwi menangis lg. Kebaikan dan kebenaran akan mencari jlnnya sendiri. Tindak tegas oknum2 orang yg sok2an itu.
Inilah judulnya  wong pinter tp keblinger. Tunggu sj hasil sidang b3sok !",Negatif,Negatif,True,1.1604
UgytHgwJtM6eo7761w14AaABAg,mentri pecatan kagol. stresssss..,Netral,Netral,True,0.3698
UgyVYUJvJlgSjBmNgAF4AaABAg,Mantap mbak diana,Netral,Netral,True,1.8714
Ugyjecq6QvLwDSCZsct4AaABAg,Ijazah palsu itu yang buat pembenci Pak jokowi karena mau bales dendam tak bisa diajak kerja sama,Negatif,Negatif,True,0.831
UgxytPikt3szHWJbPKp4AaABAg,"Semangat Roy cs, siapkan pembelaan2 kalian dipersidangan kedepannya, siapkan stok obat migrain yg banyak, jangan sampai sakit ya
Jangan lupa sarapan kalau pagi biar kuat menghadapi kenyataan",Negatif,Negatif,True,0.4003
UgzJQ9HymLxaXcuzrxJ4AaABAg,"Menurut keyakinan saya ijazahnya palsu, kamu tidak percaya lagi dengan ugm",Positif,Positif,True,0.8654
UgxzKnwLNuD2oyfpWNd4AaABAg,Pancingan RH kepada hakim yang mulia untuk Tiroris ngomong di tolak dengan elegam oleh pak hakim. Permulaan yang bagus untuk menutup langkah mereka. Ini bukan acara Rakyat Bersuara Aiman pak RH.,Negatif,Netral,False,0.4093
Ugxut52Q_QuP5q5JEF54AaABAg,lihat muka tompel langsung skip .... kabuuur .. 😂,Netral,Netral,True,0.7907
UgwyDEoscRG8k12_tdF4AaABAg,Deny prof cengeng  belum pembuktian sdh bilang kraminilisasi,Negatif,Negatif,True,0.5863
UgwSiV-nBXfdgcMCy414AaABAg,Ijazahnya S1 tp transkip nilai nya bkn s1,Positif,Positif,True,0.906
Ugzmu05qhi-KZIbLlal4AaABAg,"Saya jangan kan tamat UGM, saya SD aja gak tamat, Tapi bisa berfikir logika, kalau emang ijazah nya asli, kenapa tidak di tunjukkan? Kenapa banyak alasan? Kalau pun sudah ada ijazah nya, itupun ijazah palsu karna udh di sogok uangnya kalian.. Kalau cuman ngomong, burung BEO pun bisa ngomong, Kami mau bukti bukan cuman kata kata kaliannn..",Positif,Positif,True,0.8151
Ugy8qWwdSoVr7QvbJCB4AaABAg,"Astaghfirullah....sabar nggih bapak Jokowi, semoga panjenengan senantiasa dilindungi oleh Alloh SWT, aamiin....🤲🤲🤲",Negatif,Netral,False,0.1208
UgyrC-qRfg1U4PXfotV4AaABAg,HOAX,Negatif,Negatif,True,0.9855
UgxegQhqfZVAaqrW_nF4AaABAg,"10 ciri"" orng sox pinter tapi aslinya sangat bodoh. 
1 tdk mw mendengar orng lain
2 menghindari keitik 
3 mengnkn jargon atau istlh sulit
4 membuat kliem berlebihan 
5 enggan mengakui kslahannya
6 mremehkan pndapat orng lain 
7 mnghndri pertnyaan org lain 
8 trllu prcya diri dlm hal yg tdk di kuasai. 
9 suka mengoreksi tnpa dasar 
10 di tanya ke mana jawabx kmn 
itu ke bodohan roy panci",Netral,Netral,True,0.2574
UgyA2AIkqsc0wd0L4e54AaABAg,Klo ijazah gw palsu gw jg takut nunjukin....palagi klo nunjukin ke RRT yg notabene ahli nya ahli😅😅😅,Positif,Positif,True,2.2382
UgzVMnjP2tRhyTBBS154AaABAg,Palsu tunjukan dong jangan asumsi congor,Positif,Positif,True,1.1454
UgyzqEOIG13o8teqYER4AaABAg,Selama hidup saya tidak pernah liat dokter sepedti dr tifa gaya preman 😂,Netral,Netral,True,1.0019
UgwKvEOBq7BV-5UwLwB4AaABAg,"apa salahnya menunjukkan ijazah asliiiiiii sih kalo ada, nglamar kerja swasta aja terkadang diminta menunjukkan ijazah asli..nah ini dia pernah memimpin indonesia 10 th, dan masih menjabat sebagai pejabat publik...lha kok ditanyakan ijazah aslinya mbulet koyo entut 😂😂😂",Positif,Positif,True,0.684
UgxaCrEhj579A_5jwF14AaABAg,memalukan.. menghinakan diri sendiri dgn menjadi termul,Netral,Netral,True,0.3943
Ugw6eta6yt0e7wNZvAx4AaABAg,Ya si Suryo. Tukang gaduh,Netral,Negatif,False,0.8074
Ugz8H2KQOMD1gIHRUgx4AaABAg,Memang busuk komplotan mrka. Sdh dtunjukkan masih sj ngotot.,Negatif,Netral,False,0.2675
UgxbugkZBVCgORA7aZZ4AaABAg,Banyak cakap tunjukin aja ijazahnya,Positif,Positif,True,1.0238
Ugz-d4Jyl9wk4ekS9s14AaABAg,Benar jga walaupun d tunjukan pasti ad aja alasanya😂,Negatif,Negatif,True,0.2106
UgyzMI7nK1CjuepWKR54AaABAg,Ijazah Jokowi palsu. No debat !!,Positif,Positif,True,2.1968
Ugxc0c0yu3LgUAalI6l4AaABAg,"Buat bapa irjen pol aryanto anda sebagai penasihat ahli kapolri 

Meski kami rakyat biasa tapi dari stetmen anda kami menyimpulkan bahwa anda perpihak pada satu sisi itu sangat miris menurut kami

Padahal anda sendiri yg bilng masalah ini simple tidak harus jadi 2 kubu klo memng simple knapa dari dulu jokowi tidak menunjukan ijasahnya !

Anda sebagai penasihat ahli kapolri harusnya anda itu penjadi penengah dalam membuat stetmen tapi kami menilai di sini anda menyudutkan sudut lain",Positif,Negatif,False,0.1939
Ugzt2cCa639YtqlTLMF4AaABAg,Haqqul yaqin palsu,Positif,Positif,True,1.563
UgzO7TqrCdA_0XMV1L94AaABAg,"Setelah lama di perdebatkan ijszah Jokowi, rakyat sdhnmuak bahwa maksudnya mau merongrong Jokowi / Gibran tapi beliau semakin terangkat dan jelas masyarakat menilai",Negatif,Positif,False,0.3035
Ugw9K8nOTumHo7icWQh4AaABAg,"Fotonya sdh jelas² berbeda ko antara foto pak Jokowi di ijazah dsn pak Jokowi secara fisik, lalu aslinya dimana",Positif,Positif,True,0.2878
UgwRk7l-rENYNLUhHSp4AaABAg,Menurut saya mulutnya Roy Suryo itu kurang etis gak mencerminkan org berpendidikan.,Netral,Netral,True,0.725
UgydfU7b8kntAL70kZ54AaABAg,Semoga segera diadili dan dieksekusi masuk penjara.... Semua rakyat punya hak sama... RRT rakyat biasa tidak ada istimewanya.. Jangan terlalu dimanjakan... Cepat diadili supaya rakyat tidak tambah dibuat kacau,Negatif,Negatif,True,0.5845
UgzLvlckOsHIyw3uGG14AaABAg,Cair cair,Netral,Netral,True,0.7554
UgyeGPHrijm_ZL_SgEp4AaABAg,Walau sdh di kasi tau ttp saja dikatakan palsu .,Negatif,Negatif,True,0.0345
UgwO9AYGgMYhQOd56Rt4AaABAg,intinya RRT harus masuk bui biar nggak ada yg buat gaduh,Negatif,Negatif,True,1.7552
UgxHYaNkZZWgycnMBvd4AaABAg,"Mantap UGM,  pernyataan Rektor & jajarannya sudah SANGAT JELAS menyampaikan bahwa Bpk. JOKOWI adalah lulusan dari Fakultas Kehutanan UGM pd tahun 1985.",Negatif,Negatif,True,0.0793
Ugy-hT40Diy02qKHO494AaABAg,"Dilihat mata waras klo foto nya seperti itu jelas palsu, kecuali matanya katarak",Positif,Positif,True,1.7817
UgyzSWcdDNm4XNJaYxp4AaABAg,Terima kasih UGM atas penjelasan nya..... Joos,Negatif,Negatif,True,0.3076
UgxlFCaJr61KKHSyDKd4AaABAg,"Buat tim pak Jokowi kasus ini harus di lanjut supaya kami rakyat kecil mengetahui siapa  yang benar ,soalnya ini pencemaran nama baik bapak presiden supaya gak terulang kembali Ok",Negatif,Negatif,True,1.9341
Ugxozn3w_iKTqQT2gx54AaABAg,Kerudung ijo mantap!!!,Netral,Netral,True,1.6835
UgxTwkfP6r-xYMYeiBt4AaABAg,Kasian pembawa acaranya..kayanya udh muak bgt sama si Andi Azwan wkwkwk,Netral,Netral,True,2.3413
UgxoglTXksq7Rpbj6hZ4AaABAg,Sehat selalu PK Jokowi ❤,Negatif,Negatif,True,1.4595
Ugwbk0FDN7br3lxq2wl4AaABAg,Kami juga ingin tau ijazah asli atau palsu  perasaan kami Rrt  menang dilihat dari stempel dan photo yg di ijazah bukan photo jokowi,Positif,Positif,True,1.9869
UgwysAcQHMqxyucAvDJ4AaABAg,SDH jelas palsu...sehingga ketakutan luar biasa,Positif,Positif,True,1.8293
Ugyxyvv7Y_oDZa3aSmJ4AaABAg,Andi aswan sudah gila parah😂😂,Netral,Netral,True,1.7516
Ugww-r5M88MUYoGVqEx4AaABAg,"Tunjukan dulu ijajahmu...., apa susahnya...!",Positif,Negatif,False,0.4111
UgzRRQfxD6qbnyCqP8R4AaABAg,"Sebenarnya gak usah ada saksi ahli, sebab foto yang ada di ijasah sangat jelas bukanlah foto jokowi",Positif,Positif,True,1.1958
UgycpW1eduP5DdFMLpR4AaABAg,Roy suryo mmg ODGJ😂😂😂,Netral,Netral,True,1.4858
UgyB_tIZPY1j7x-OP0N4AaABAg,Mas yacub tenang dan bagus penyampaian...,Netral,Netral,True,0.734
Ugzhb_L8OxpN_fumxY94AaABAg,Betul Pa Refly .... Palsu palsu palsu palsu.,Positif,Positif,True,1.4746
UgwWhl5HRAUKqw2a-M94AaABAg,Kalo udah palsu biar kemanapun tetap palsu engga bakal jadi asli emang manusia ini senang mengadu domba orang jangan sok pintar sok kuasa sok tau  sok pintar jaksahara adili Jokowi biarpiun di bungkus dengan kain Emas  kalo palsu ya pasu manusianyah ajah engga datang berarti engga mau tanggung jawab ini pikiran sayah orang yang engga seolah camkan inih,Positif,Positif,True,0.3766
UgyAbOUJ7phGLlg05gx4AaABAg,"Klau Roy sama tifa ngaku Ahli Knapa slalu mnggiring opini? Stau sya klau Orng Ahli tuh netral dan temuan nya berguna untuk Negara, bukan bikin gaduh sana sini😂😂😂",Negatif,Negatif,True,0.6913
UgwMyx-3xqZpKmQUUMl4AaABAg,Bentar lagi roy rismon tifa dan lawyer nya bakal tua di penjara,Negatif,Negatif,True,1.3739
UgwWABjhIO1yYwTxLql4AaABAg,Panci cs peneliti abal2 jangan belagak hebat sadar kalian,Netral,Negatif,False,1.7716
Ugy9S_-X8szd67XBxmt4AaABAg,"Roy Suryo pasti kalahhh,,
Menang jokowi donggg,,",Negatif,Negatif,True,0.5084
UgwmiJ876zmVQVaWLkN4AaABAg,"Kalau memang Ijazahnya Pak Jokowi benar benar Asli ,tapi para penuduh palsu masih ngeyel , 
Negara tidak boleh kalah
Hukumanya para penuduh diperberat saja",Negatif,Negatif,True,0.3278
Ugw-Z9UfItwLrgqCnSB4AaABAg,"ANDI AZWAN INI SUDAH SERING BERBOHONG DEMI MEMBELA IJAZAH PALSU, TAPI DIPANGGIL JUGA KE TV",Positif,Positif,True,2.1227
UgyIPtgFYOiUSymFg1d4AaABAg,Omonganya kayak orang gak jelas,Netral,Netral,True,0.5616
UgzSHxQpsvCkJljO32Z4AaABAg,Mantap,Netral,Netral,True,2.0252
Ugxyq5Qlu_YAaAxNhW94AaABAg,Bosen yg di bahas ijazah palsu terus,Netral,Positif,False,0.767
Ugy0FLbgEY4l9RYMPNN4AaABAg,Mboseni,Netral,Netral,True,0.7554
UgxjzN01EN_FWw6TWQx4AaABAg,guk..gukk..gukkk...gukkkkk...!!!!,Netral,Netral,True,0.7554
Ugx1Z9CFT2XZ_do2vfl4AaABAg,Acara sampah sampah,Netral,Netral,True,1.1777
UgxWaL0jcE0OpHI6Ph94AaABAg,Kemapa dan siapa tuduh palsu 99.999 persen buktikan meliaran persen   buktikan,Negatif,Negatif,True,0.7578
Ugze5Kqk0_QCZ7Q5ipF4AaABAg,"U pihak ugm ati2 Allah maha tau , 
Masyarakat SDH pd cerdas  tau mana keterangan bohong dan yg bener",Positif,Positif,True,0.8618
UgwfxN0QAno-cIPRMLp4AaABAg,Rektor kok pembohong 😂😂😂,Positif,Positif,True,2.2285
Ugz5Rf-nOVIKZhe_o7R4AaABAg,Yang tidak mau membuka itu bareskrim maunya hanya menyita ijazah biar tidak bisa naik ke Pengadilan lha itu karena ditunjukkan tapi tidak  boleh dipegang dan diiraba berarti takut ketahuan berati ijazah palsu jokowidodo.,Positif,Positif,True,1.5349
UgxfV7plXVXUO15vgLt4AaABAg,"SAYA SUDAH TIDAK LAGI IRI DENGAN KAMPUS INI LAGI. 
KALAU MAU JUJUR2AN, SEBNERNYA ANAK SD JUGA TAU KALO UGM INI BERDUSTAAA",Positif,Positif,True,0.7788
UgxRqK-FA5GaU7-s08V4AaABAg,Orang yg banyak ngomong kays tong yaring bunyinya,Netral,Netral,True,0.7519
UgzJmkIHfJjdd3CuKv54AaABAg,"Jokowi tidak akan memperlihatkan ijasahnya karena palsu, seandainya asli sudah pasti diperlihatkan",Positif,Positif,True,2.2927
Ugw0yOMggu15S2mL7Hd4AaABAg,Kalo memiliki mata dan otak maka melihat foto di ijazah aja sdh sngat tau ytu bukan wajah jkwi dn itu sangat jelas mencolok perbedaannya😅,Positif,Positif,True,1.7718
UgyTplergknRFNmk1jZ4AaABAg,Scan ijazahnnya ternyata masih PALSU 😂,Positif,Positif,True,2.5551
UgwKVPy-5PpPb6IR5Zp4AaABAg,"Kmrin2 minta di tunjukin, skrng nyari alibi lain😂😂😂, kacau2",Negatif,Negatif,True,0.9894
UgzJPDH9zlYQt-9ZL1F4AaABAg,Bnyak omong Lo Roy panci,Netral,Netral,True,1.1071
Ugw-SpHY133lU03_BFZ4AaABAg,mantaap...kalok SDH JD tersangka maka SDH bingung bicaranya khozinudin.dasar itu bekerja demi uang maka kalok bicara GK akan pernah salah mintak selalu benar,Negatif,Negatif,True,0.3013
Ugwj25A5wiSMADvvbrh4AaABAg,Roy panci mati kutu😅,Netral,Netral,True,1.827
UgxDWYw3vfJPaf4Hqh14AaABAg,"waktu pak jokowi belum nunjukin ijazah nya alasan roy cs karena tidak nunjukin.
ehh.... giliran sudah di tunjukin, malah alasan lain...
itu menunjukan kalau masalah nya itu bukan ijazah, tapi KEBENCIAN yg mendalam.",Negatif,Negatif,True,1.2836
UgxwZu5GR5tM6BUdwhB4AaABAg,marah marah aja si tompel panik😂,Netral,Netral,True,0.9276
Ugx_VMaoOBMsYyT1oqp4AaABAg,Kemaren2 kau mau lihat ijazah pak jokowi sekarang lain lagi ceritanya ini pengacara produk yaman,Negatif,Negatif,True,1.1863
Ugx9M1nrxHA2ZYV7Fkt4AaABAg,"IJAZAH  KALAU  ASLI  PASTI  DITUNJUKAN
APALAGI   KATANYA  LULUSAN   U G M  :
Universitas  Geng   Mulyono",Positif,Positif,True,1.8242
Ugy0_x-9pHyeyKytZAd4AaABAg,"Ijazah palsu
..",Positif,Positif,True,6.1107
UgynqYo1_IVopZt6jil4AaABAg,Termol kebanyakan makan nasi bungkus❤❤❤,Netral,Netral,True,0.8033
UgwlTpP07RP73i6xxN94AaABAg,"""lebih baik gua goreng polemik ijazah palsu gua  daripada kecium kasus korupsi gua""  😂😂😂😂",Negatif,Positif,False,1.3226
Ugwss9rbfuW59VrDCcN4AaABAg,Pengacara AHMAD  KHOSINUDDIN' DI LAPOR OLEH *DHL* KE POLDA METRO JAYA'  INI KELIHATAN KARENA AHMAD KHOSINUDDIN' PENGACARA YG PALING BERANI MELAWAN DAN MENEGAKKAN KEADILAN TERKAIT IJAZAH PALSU ' LALU SEKARANG DI LAPORKAN ...OLEH ORANG YG PERNAH DATABG KE SOLO KE RUMAH MANTAN PRESIDEN KE -7' HA.......HA......HA.......SIAPA ITU ORANG YANG MEMBELAH BAMBANG TRI DAN GUS NUR DI PENGADILAN DSHULU......LALU SEKARANG BERDAMAI ...HA......HA......HA....DASAR 😢😢😢😢😢😢😢😢😢😢😢😢😢😢😢😢TIDAK PUNYA MALU......😢😢😢😢😢😢😢😢😢😢😢😢😢😢😢😢,Positif,Positif,True,0.4928
Ugwe8V_kZxZToLhDmOJ4AaABAg,Lebih baik menyeeah saja pak Roy,Negatif,Netral,False,0.3704
UgzMURgLpqFT-TXtwd14AaABAg,"Cuma di negara Konoha soal ijazah bertahun tahun ,kalau orang berfikir waras dan tidak ODGJ pasti sudah selesai dalam waktu 5 menit , sy yakin ijazah si Jokowi palsu karena pikiran sy masih waras",Positif,Positif,True,0.9449
UgwHzINeMDcYB_ztVf54AaABAg,"Luarbiasa nih PH Azam, ijazah aslinya sdh ditunjukin, sekarang malah nuntut harus ada ijazah pembandingnya. Entah tuntutan apalagi yg nanti bakal dipersoalkan kalau teman2 kuliahnya menunjukan ijazah pembandingnya 😅",Negatif,Negatif,True,0.8598
UgwvP_hfxAgGRhrQ53V4AaABAg,Pak mk jos jis,Netral,Negatif,False,0.5244
Ugx2EoLXbHd0Rhd6fJN4AaABAg,"Roy panci, rizmon kalian dulu kau edit ijasah pk Jokowi pakai ijasah hari Mulyono skr berubah ijasah pakai editmu milik dumatno 😅😅😅 telematika mu berubah ubah koplak 😅😅😅😅",Negatif,Negatif,True,1.3149
Ugwm0Sqo3_HPO0xbw1R4AaABAg,KACAU UGM!!!!  Dokumen yang ditampilkan bareskrim yang di klaim ijazah jokowi asli dan bagian skripsi jokowi itu pake font Time News Roman yang melampaui zamannya. Logika macam apa yang bisa membenarkan masalah ini.,Positif,Positif,True,1.0844
UgyZmwl2EUyYSpr-rnR4AaABAg,Mantaap buu,Netral,Netral,True,0.7554
Ugw2nVp7xh5_zBsWMHZ4AaABAg,"Dr awal dikatakan ditunjukan pun tdk akn berakhir. Emang itu proyek mereka ko'. Klu ini berakhir, berarti mata pencaharian mereka tertutup dong",Negatif,Negatif,True,0.8198
Ugw7AqUtGHlgQsOx1Qx4AaABAg,Modar sekarang Andi kelihatan bohong nya,Netral,Positif,False,0.9663
UgxivWiQqYA6Pip38G14AaABAg,Betul Mbah,Netral,Netral,True,1.7214
UgwQJT2V0nFSf9lozc94AaABAg,"Ugm berbohong demi Jokowi. Semoga dari tahun ketahun makin sepi mahasiswa yg pengen kuliah di ugm. Kampus PEMBOHONG, Sama kayak Jokowi. PEMBOHONG",Positif,Positif,True,1.9809
UgwZ7mTPaFyuFLwz6QB4AaABAg,"pengacara jokowi terlalu byk bohong,,masyarakat skrg udah pintar dn tau menilai mana yg betul dn mana yg salah,,akhirilah semua kebohongan ini untuk anak bangsa yg baik dn jujur kedepan",Positif,Positif,True,1.0441
UgzNRm2KntQKyNl2bzR4AaABAg,"Aslipun gak bakalan percaya, krna hatinya sudah diaelimuti kebencian.",Negatif,Negatif,True,2.0921
Ugzc23vv7fI1J81cKzZ4AaABAg,Sekelas Prof hukum Konstitunsi kok mengajukan bahan seperti mahasiswa magang 😂😂😂,Negatif,Negatif,True,0.5609
Ugxghx5KnDz_cdI2x7p4AaABAg,"Kenapa kasus ijasah palsu di hentikan , klo sampe kasus ijasah palsu di hentikan hukum di ndonesia lemah bagi politik elit, klo bagi masyarakat kecil hukum nya di tegak kan , supaya tau mana yg di jolimi atau yg bohong , di mata rakyat indonesia baru tau ada mantan presiden di olok oloki sampai di tempat kuburan di sebut"" ,sy sebagai rakyat kecil merasa  mantan presiden di hina dan di olok oloki , presiden kita presiden indonesia sudah banyak pengabdian nya dan tidak korupsi , masa di hina begitu saja, apa hukum untuk orang orang elit kebal !?",Negatif,Positif,False,0.4379
UgyB4EOk1CtwjtEKjWl4AaABAg,Hukum roy cs,Negatif,Negatif,True,1.8504
Ugx1W8b6GjUSXNRYm6d4AaABAg,"Dah mau ngeles lagi ni suryo,gnti ugm yg di serang",Negatif,Negatif,True,1.2893
UgySYzHjNOK9xjBLvY14AaABAg,Gua kalo sebagai orang UGM pasti gua tuntut nih Roy udah mencemarkan dan menghina UGM.,Negatif,Negatif,True,0.8286
Ugx8E0JBrETkZJ5gTuF4AaABAg,PenjArakan saja roi Suryo cs.,Negatif,Negatif,True,1.8474
UgzboPiuXG4fKaVjPIp4AaABAg,"Logika akal sehat,,,jika ugm mengataka apa yg sbenarnya/se jln dgn apa yg d ktakan bung Roy brarti UGM ikut kna masalah,,cuma ini posisi keadaan udah bermasalah yg salah pun akan membela sendiri dgn ksalahan lain,,,ketika sudah berbohong akan menutupinya dgn kbohongan lainny.itu emg sudah penyakit org tukang bohong.",Positif,Positif,True,0.5219
UgxDFiR3JzQ5ga25NYp4AaABAg,Negara akan runtuh jika Negara sudah berpihak pada kejahatan mafia pemalsuan ijazah bukan berpihak kepada kebenaran dan keadilan.,Positif,Positif,True,0.9752
Ugw5Car52XDhOFUqdgx4AaABAg,He He He pembimbing skripsinya Pak KASMOJO apa tak bohong ini Pak JOKOWI MERASA TERHINA KLO IJAZAHNYA ASLI BOLEH PENJARAKAN PENUDUHNYA jangan seperti Bambang Tri dan Gus Nur sampai minta jaksa untuk menunjukkan ijazahnya dan siap mencium kaki jaksa BAMBANG TRI DAN GUS NUR TETAP DIPENJARA lelucon ijazah palsu ???,Positif,Positif,True,0.6978
Ugy28Wq6nP_CF06K-QR4AaABAg,Ini yang saya salut dengan bapak Ketua MK 👍,Netral,Negatif,False,0.5271
UgxOKYQsOOP07OPo7wl4AaABAg,Betul kata bapa yg satu berani gak Suryo cs itu mau terima hukuman mati bila ijazah asli di tunjukkan,Negatif,Negatif,True,0.1151
Ugwfy9yI_HofsCZkoIt4AaABAg,Sekarang alasannya Jokowi sudah rakyat biasa....😂😂....dulu lagi menjabat.... tidak juga d tunjukan... Bambang Tri dan Gus nur....sudah jadi korban.... katanya mau d tunjukan d pengadilan.....tapi bohong...... itulah pki.... suka berbohong dan memutar balikkan fakta..... Sehat selalu RRT.... kalian aset Bangsa...... semangat terus.....❤❤❤❤❤❤,Positif,Positif,True,0.185
UgwePWfKRKYZDMPnHLN4AaABAg,sudahlah .. kalau sudah salah tidak usah ngeyel to RS dan gerombolannya ..,Negatif,Negatif,True,0.7106
UgzK4TRPm8Vqx7nmQPt4AaABAg,"Mulai menit  12.00, Roy suryo mulai nggiring soal SMA nya JKW, dan akhirnya kicep ketika analisanya di skak mat langsung terkait perubahan nama SMA  tsb  memang sdh tahun sblmnya memang sdh direncanakan, krn di papan nama SMA nya pun tertulis nama SMA Double. Dari situ terlihat sbenarnya ilmu telematika si roy itu cuma COCOKOLOGI... ilmu gathuk... kocakkk kocak...",Negatif,Negatif,True,0.2505
UgwzjFgikTjvafu87ul4AaABAg,"Nah hayoo...
Semua yg di bilang termul scan ijazah ASLI 
Ternyata mudah dipatahkan sm Kang Mas Roy
Salut untuk team RRT👏👏👏👏👏👏",Positif,Positif,True,0.6374
UgwkqxMCVbM2Kk8UNbl4AaABAg,"Orang orang licik isinya. Gembar gembor ijazah palsu, buat mempengaruhi suara pilpres. Sampai ketitik Manantang untuk di laporkan. Setelah sapai sini datang ke MK. Licik banget kan. Maunya fitnah tapi gak mau kena pasal. 😂😂",Negatif,Negatif,True,0.2907
UgxrQ6sODySr5ctdcDp4AaABAg,Andi aswan ini ga punya etika kasihan,Netral,Netral,True,1.1735
UgxnqqjF7PdWyVgMjst4AaABAg,Sumbang yg banyakan no bang orang Sumatra lagi pada susah,Netral,Negatif,False,0.1711
Ugz7drvaSD2j_95vMxp4AaABAg,"Sakit apa ya mereka itu,kalau sakit berobatlah di beri kepintaran ko tidak bisa membuat contoh yang baik pada masyarakat,,jangan anggap orang diam itu seenaknya kau injak2 seperti itu,yang kau serang itu sudah banyak bermanfaat bagi orang banyak dan bangsa,ko masih di musuhi dan kau rendahkan seperti itu...miris sih lihatnya",Negatif,Negatif,True,0.8129
UgwfJmosz6Q_yYBaXFN4AaABAg,"Sudah begini masih juga berbohong ..!  Luar biasa ya ? Orang bodoh saja tau kalau foto di ijazah itu bukan foto nya Jokowi , kebohongan masih di bela..",Positif,Positif,True,2.6571
UgxI3i6luEL-0vaOhuN4AaABAg,"BIASA ROY PANCI MENTAL.P.RADEN
SEMUA HARUS NURUT APA KATA DIA...
DEMI UANG BOHIR.
KALAU PALSU YA HARUS PALSU...
UDAH NYOLONG DATA DIAN SANDI...SECARA DIAM DIAM
FOTO IJAZAH DARI DIAN SANDI LOH ""JAJARAN GENJANG""
KOK SAAT TERSEBAR DI MEDSOS JADI PRESISI,NO IJAZAHNYA DI TUTUP UNTUK ALIBI "" IJAZAH PALSU""
INILAH YG DI SEBUT MALING TERIAK MALING
ATAU MANIPULASI DATA
LIHAT DARI GAYA BICARA ( GESTURE TUBUH ) BANYAK BOHONGNYA ...JANGAN TERGODA PENAMPILAN ROY PANCI 😊",Negatif,Positif,False,1.3859
UgzskOQanu6zRR8LohV4AaABAg,UGM sudah menyataka ijasah pak jokowi itu asli. Dan benar pak jokowi itu alumni ugm. Kenapa tukang nyinyir masih gak percaya. Mudah2an  Roy cs cepat masuk penjara,Negatif,Negatif,True,3.3335
UgxsZkVRxxVAkrlVVJl4AaABAg,"Sebetulnya permasalahan ijazah sudah selesai karena:
1. Sudah ada yang ditetapkan tersangka
2. Ada buku Jokowi's white paper
Jadi sudah selesai, kenapa stasiun TV swasta masih mengadakan acara seperti ini yang bisa membuat terpecah belah?",Negatif,Positif,False,0.2938
UgxO6KEb5hhwu2jqRfp4AaABAg,"Udah jelas palsu, kalau asli gak akan takut nunjukin 
Bantu report hoax youtuber nusantara",Positif,Positif,True,1.3104
UgxmLYhKgDsb5aU24sd4AaABAg,Sya jamin MK tolak pengujian UU ini karena jls hakim tau ni buat alesan hindari jrrwtan hukum dri kasus nya yg srdang berjalan mana mau Mk tabrak hukum jga .lawak roy panci cs 😂,Negatif,Negatif,True,1.3054
UgwXoSA1zo18yXtfZXl4AaABAg,Tujuan dr tuduhan ijasah Jokowi n Gibran itu js bukan mencari kebenaran tp memang arahnya ke politik untuk menghabisi nama besar Jokowi n pilpres 2029...,Negatif,Negatif,True,1.605
UgxL9MD-kLlCDC1f57J4AaABAg,Jahatnya si Jokowi karena ijazah palsunya sampai tega membiarkan rakyat disuguhi kerecokan yang tak bermutu ... 😮,Positif,Positif,True,1.6578
UgwHKexwK2F78h8Z7f94AaABAg,Tumben gak nyerocos gak mutus omonganx lawan..taux cengar cengir,Netral,Netral,True,0.6372
UgyvwyLdaFKdGWleBKh4AaABAg,"kalau terbukti palsu ijazahnya, ancaman pidananya apa? semoga hakim lebih tegas 3x lipat hukumannya!",Positif,Positif,True,0.9824
UgwjPjQaVKoze8mgDa54AaABAg,Luar biasa ibu diana,Netral,Netral,True,2.2429
Ugw5SgzL0L386Q-7_mt4AaABAg,"Menunjukan ijasah , tapi tak boleh di foto.
Mungkin takut klo ijasahnya di uji / di teliti oleh para pakar atau ahli dari masyarakat negeri ini.
Faham to luuur, knapa gk boleh di foto ijasahnya jokowi.",Positif,Positif,True,1.6877
Ugy1Pr9MRirQTAbn1pN4AaABAg,Semangat bang roy cs,Netral,Netral,True,0.5126
UgwXqknqMCfXPBD0QdR4AaABAg,GOGON BLOON 😂😂😂,Netral,Netral,True,1.7728
UgywiPmAl7su9rYLslR4AaABAg,Acara berat sebelah,Netral,Netral,True,0.4415
UgwyoB6Ap2aKbcXl0ix4AaABAg,"Semakin percaya sama UGM
Percaya ijazahnya pasti palsu 🙏",Positif,Positif,True,1.1963
Ugwi8ouqY2UOS2b6QKZ4AaABAg,Mulyono akan sengsara beserta termulnya,Netral,Positif,False,0.5581
Ugw1sFiVCFKwwYLDoVd4AaABAg,roy suryo jalma edan kitusalah kieusalah jadibeleugug,Netral,Netral,True,1.2545
UgwX16uKHs6bizFE1PN4AaABAg,Dari pada ribut atau repot pakai saja jasa tukang santet. Siapa yang tipu binasalah dia,Netral,Negatif,False,0.0752
Ugwt871q00gXtCNI8rp4AaABAg,"Habisss para termul di sikat roy suryo malam ne, andi azwan emosi  datanya ketahuan palsu heheeee",Positif,Netral,False,0.3151
UgxSxQDvdv74qMTFrXB4AaABAg,Kenapa negara kita ini membebaskan orang begini menjelek2 bahkan menghina mantan presiden bahkan wakil presiden pun tdk dia hormati selaku wakil presiden. Jika negara terus diam membiarkan orang begini saya jamin negara lain pun tdk akan segan dgn negara kita.,Negatif,Negatif,True,0.4798
UgztBhd_iEqTpIgjNiJ4AaABAg,"50: 50
Aneh lah UGM saja mengakui kok
Harusnya udah selesai begitu UGM Mengakuinya.. Tdk ada yg harus di penjara. Tp roy suryo ngotot ingin masuk penjara.. Ya hendaknya di kabulkan",Negatif,Negatif,True,1.7665
UgxEAt06RYsoGedXRUp4AaABAg,😂 para termul,Netral,Netral,True,0.9216
UgyV2-VhnfrZyzGEBgx4AaABAg,LOGIKANYA JIKA JOKOWI BENAR LULUSAN S1 UGM. PASTINYA BERSAMA REKTOR UGM AKAN BERANI TUNJUKKAN IJASAH & DATA-2 AKADEMIK JOKOWI KE PUBLIK & MEDIA. SEHINGGA TIDAK PERLU ZDOLIMI RAKYATNYA..! ?,Positif,Positif,True,1.988
Ugx3sAWLDyrGp5u21_p4AaABAg,Jokowi takut kalau dilanjutkan karena ijazahnya jokowi palsu 11 Rb.triliun % perlihatkan dulu ijazahnya kalau mau di stop,Positif,Positif,True,2.1548
Ugx8c06Uh6lAr14o0th4AaABAg,""" adu kambing "" itu apa ya ??",Netral,Netral,True,0.2713
UgyJ4CL7o3GOHQb0VCZ4AaABAg,"Kebanyakan mkn duit , sudah malu ya sama akademisi seluruh indonesia mengecam perbuatan Pratikno, Ova & semua petinggi2 kampus yg melindungi si jokoowii , Lah  sdh sangat jelas semua yg dipaparkan maestro Telematika IT Mas  Roy , abang  Rismon , ibu dokter cantik Tifa...2000% valid penelitian ROY SURYO RISMONSIANIPAR & Dokter TIFA T.",Positif,Netral,False,0.5518
UgyrqzAvYIBSH-e3i4l4AaABAg,"Hrsnya mudah, kl benar asli tinggal tunjukkan dan di teliti tim independen!
Tak perlu drama berjilid2!",Positif,Positif,True,1.1631
UgxMnBjZppmGybVHsut4AaABAg,Mantap buk,Netral,Netral,True,1.8095
UgwRemDjE6mE4vmvjrt4AaABAg,"Refly Harun harakiri dalam perkara ini ke MK. Cermati Ketua Panel YM Saldi Isra yg menggarisbawahi agar Refly menjelaskan siapa RRT dst. Rismon kesehariannya bukan dosen, bukan peneliti, bahkan titel Dr dari Yamaguchi itu bodong (siap meledak jadi perkara besar bagi Rismon), Roy juga bukan peneliti, dr Tifa juga bukan peneliti. Dari aspek ini kedudukan hukum ketiga prinsipalnya ini dan apa yg akan dielaborasi Refly dalam versi perbaikan akan jadi maju kena mundur kena, terutama bagi ketiga prinsipal. Karena apa yg disampaikan secara tertulis dalam sidang MK, akan jadi temuan. Fokus ke titel Doktornya Rismon, kaitannya dg Yamaguchi University, dst.",Negatif,Negatif,True,1.5322
UgyTSpdQyl9psjwz9MV4AaABAg,Mantap❤❤❤❤❤,Netral,Netral,True,2.0252
UgyWd4MM5s5yy2nYlhZ4AaABAg,"ROY cs tidak bisa menunjukkan ijasah yg dimaksud PALSU, selama ini cuma omong kosong atau FIKSI belaka, jokowi sudah tunjukkan ijazahnya dan giliran ROY cs harus tunjukkan inasah palsu yg dipegu tp cuma omong kosong, seperti menuduh HOTMAN kirupsi tapi tidak punya bukti apapun, hanya halusinasi yg dibangun jd cerita fiksi",Negatif,Negatif,True,0.2373
UgxnzGLtKYZ7j0bVk9J4AaABAg,Berarti roy panci dan rismon asli orgil?,Netral,Negatif,False,0.0271
UgwyRgFJyjZTv1LOp3V4AaABAg,"Hanya melindungi Ijasah palsu  Sampek berlarut larut
Intinya Ijasah asli ngak ada ngak punya palsu palsu palsu",Positif,Positif,True,1.9909
Ugx2yF6T9PlDVxTTqIJ4AaABAg,Gpp PALSU PASTI LULUSAN UGM👍,Positif,Positif,True,1.3746
UgwbsSXgFidBoMD4-0V4AaABAg,Rakyat udah dibohobgi jokowi.udah jelas poto ijasah  jokowi itu bkn poto jokowi dn entah poto siapa.kenapa para termul dan parcok mati2an mengatakan itu ijasah asli.jika nanti dlm sidanf ternyata Roy cs kalah dan hakim memutuskan bahwa ijasah jokowi itu asli berarti para penegak hukum ini matanya udah tertutup amplop.hukum di indonesia ini sejak rezim jokowi sudah rusak dan sepertinya lembaga2 hukum dan lainya udah tunduk dibawah ketiak jokowi.,Positif,Negatif,False,0.1527
UgxDeFvq5mGMLdR6FQZ4AaABAg,Roy  Suryo  ini kesurupan apa ya,Netral,Netral,True,1.006
Ugx9o3BCaiNCIvXPdAZ4AaABAg,"Komentar ibu tadi katanya prof. Menurut saya beliau bukan ahli hukum. Jadi menurut saya Ijazah Bpk. Jokowi tdk perlu menunjukan Ijazahnya kepada mereka yg menuduh, pembuktiannya adalah lewat Pengadilan.",Negatif,Positif,False,0.0852
Ugw1XoQAmx2R_qONwpJ4AaABAg,Mntab bu,Netral,Netral,True,2.213
Ugw-Z2FNtAd4BXzqEQd4AaABAg,Hakim MK nya keren.,Netral,Netral,True,1.0863
UgwLTf_yIz-OU29ficZ4AaABAg,"Coba telusuri dulu mereka2 ini kelulusan tahun berapa di UGM. Apakah mereka ini sudah dosen waktu Jokowi kuliah, siapa yang tua Jokowi atau mereka yang berani memberikan keterangan yang mana Jokowi lulusan UGM. Seolah2 mereka ini dosennya Jokowi. Terlalu pintar ngarang cerita padahal mereka belum kuliah.
Tidak mungkin yang muda membimbing yang tua dan belum kuliah, semuanya ini keterangan palsu/bohong. Kalau sudah begini dosen jadi bagai mana anak2 bimbingannya. Jadi kacau negara ini",Positif,Positif,True,1.4942
UgyaJ158OcKX4B8kFzF4AaABAg,"Itu pernyataan penting,yg jelas yg mengeluarkan menyatakan asli,Krn begitu selesai pendidikan lsg d berikan kpd yg bersangkutan",Negatif,Negatif,True,1.0951
Ugw3QEb7P2RU0A2HJeB4AaABAg,hati roy cs cuci dg rinso biar tak ada kebencian dihatinya.apapun yg dilakukan pak jokowi cs tak ada benarnya.,Netral,Negatif,False,2.726
UgwvzCI9QS8Bb5-sGvJ4AaABAg,Iya kalau memang asli..apa susah nya di perlihatkan ijazah nya..knpa harus di sembunyikan yg bikin pemirsa tidak percaya pd pihak tertentu..NETIZEN bisa menilai..mana yg benar.mana yg di sembunyikan..smga Allah memberikan hidayah,Positif,Positif,True,1.0806
UgyMk7bpQ0ov9jfvRWV4AaABAg,"Sdh pk  harun,, anda jgn berdebat dgn orang2 yg gk punya logika.",Netral,Negatif,False,0.3735
Ugw_TliCj1xKHqarccN4AaABAg,Pak Arianto kalau mau jujur tunjukan ijasah asli Jokowi kalau memang ada kalau tidak di tunjukan kami masyarakat biasa bilang palsu Arianto,Positif,Positif,True,0.8743
UgxKzgi6LZwclDoy_KZ4AaABAg,panci seumur hidup tetap dikenang tentang panci..mknya mkan uang yg halal ci panci.,Netral,Netral,True,1.2115
UgyvcgTHy9zbIO52urN4AaABAg,"IJAZAH PALSU ITU HASIL PRILAKU SESATTT , ORANG2 YG MEMBELA IJAZAH PALSU BERARTI . . . ORANG2 YG "" SESATTT "" & GAK PUNYA MALU  DG DALIH , ALASAN APAPUN BERKELOK KELOK DALAM PERMAINAN DI BALIK KATA. . . .👹👹👹",Positif,Positif,True,0.9334
UgwruwJ1-wI7clwubJd4AaABAg,"Hore betul tunjukan ijazah mu pk Jokowi ? Jngn mngadu domba rakyat Indonesia , brrti klau tdak nnjukan ijazahnya berrti g punya yng asli  alias ..........palsu .",Positif,Positif,True,0.8447
Ugx_WlKAvZV2L5oRvfB4AaABAg,"PANCI ODGJ kabur diundang diskusi dan yg ngundang mantan pasien RSJ ,belum sembuh juga lagi....😂😂😂",Netral,Netral,True,1.484
UgzQLVRlYkPVz2nYdOV4AaABAg,"mending lihat info terkini mengenai gempa yg terjadi tiap hari
",Netral,Netral,True,0.4114
Ugykvlqj5O3WjQm9OUN4AaABAg,Bravo's bu diana murni sehat selalu,Netral,Netral,True,2.0841
UgxzFwpZqJsxYZCQ5zJ4AaABAg,Lha lak ora percoyo 😂😂tho😂😂😂😂😂😂😂😂,Negatif,Netral,False,0.4719
UgxMvk-PzDyKX71U82N4AaABAg,Seha slalu pak jokowi,Netral,Negatif,False,1.3808
Ugy5mCrVgkkC9EGl4KV4AaABAg,Netral ya pak hakim,Netral,Netral,True,0.7607
Ugxnq7r7ea5bxvijYvR4AaABAg,Ijazahnya itu Aspal...klo asli tulen..ngapain repot byar pengacara mahal2...,Positif,Positif,True,1.9776
Ugwqf9F_bGQFMW-0i2F4AaABAg,Andi Ando Ando.,Netral,Netral,True,2.2129
UgzfTCfg0peqAA5yZy94AaABAg,kabarin kalau roy suryo ditangkap,Netral,Netral,True,0.3946
UgypclW9P2loh5zfmHJ4AaABAg,Udah jelas fotonya aja tdk sama dg orangnya berarti kan PALSU,Positif,Positif,True,1.328
UgxT55xvRffHdvcbzNV4AaABAg,Ha ha ha sekarang UGM  adalah universitas yg top dan universitas yg kompeten di hina hina dinsalah salahkan  ha ha ha ha. Sy harap UGM MENUTUT OMON OMON RAY PANCI DENGAN SEBERAT2 NYA,Negatif,Negatif,True,0.8123
UgxF_tJRNm-yoyUeAuZ4AaABAg,Disini saya yakin pak  yokowi  ijazah pasti  asli yang  sering membuat  berita bohong dan merusak nama orang harus tanggung jawab kalau buktinya bohong harus di penjahah lima tahun.,Negatif,Positif,False,0.7448
Ugx1gN0_4f-6zMMw-BZ4AaABAg,Ibu Diana ini Cerdas sehat selalu ya bu 🥰,Netral,Netral,True,2.3772
UgyxRkwZuK-K_j5D7WR4AaABAg,Pencemaran nama baik menghasut tidak berniat baik itu yang dilakukan RRT pa hakim,Negatif,Negatif,True,1.344
UgxtGb_r36BisyGSh2R4AaABAg,"Pak Jokowi tidak berubah, ketika menjadi walikota Solo 2x pilkada, Gub DKI 1x pilkada, Presiden RI 2 periode.
Beliau konsisten memperjuangkan rakyat Indonesia dalam berbagai rintangan dan cukup berhasil.
Tapi masyarakat yg melihatnya yg berubah, ketika di Solo, masyarakat dan lawan politiknya adalah kelas kota madya, di Jakarta, masyarakat dan lawan politiknya kelas propinsi. Ketika Presiden, masyarakat dan lawan politiknya adalah kelas nasional dan internasional.
Sebenarnya pak Jokowi tidak sempurna dan ada kelemahan. Tapi lawan pak Jokowi tidak lebih baik dari pak Jokowi. 
Kelihatan dari cara mereka bersaing, bukan menunjukkan prestasi utk berpacu dengan pak Jokowi, tapi dengan cara fitnah yg merusak akal. Bahkan mereka membawa nama Islam, padahal berbuat fitnah dan saksi palsu itu dosa besar.
Pantas kalau Allah tidak bersama mereka, Allah tidak membantu mereka,  karena Allah adalah pembela orang yg bertaqwa, bukan membela orang Islam.",Negatif,Negatif,True,1.2166
UgyTv9bnwG2Kdmaq9Y54AaABAg,Si aswan ini kalau ada film warkop bagusnya dia perankan karakter om dono...,Netral,Netral,True,0.491
Ugyxj48ZzUMTME8Q6v14AaABAg,Setres,Netral,Netral,True,1.4549
UgwSjqi-NOE-XAwCjMh4AaABAg,Terimakasih wawasan dari Mbah Sujewo Tedjo,Netral,Netral,True,1.5744
Ugw5ZTDyhWyxkjFq4854AaABAg,"sudah di tunjukkan Ijazah asli pun masih GAK PERCAYA..
MEMANG BUKAN CARI KEBENARAN TAPI CARI MASALAH",Negatif,Negatif,True,0.3223
UgwEsTUILPRUhiQ_bmJ4AaABAg,Ealahhh...ternyata ini smua cuma sandiwara kadrun balas dendam ke pak jokowi to....🤣😁🤣😁,Negatif,Negatif,True,1.4722
Ugx1zHaShnZX0lyr65F4AaABAg,STOP DRAMA MURAHAN KASUS IZASAH PALSU PRESIDEN KE ( 7 ) JOKWI INI XAN PARA PENGGUGAT GA BAKAL KUAT JOKOWI SUDAH TERLALU PINTAR TU MENG ANTISIPASI HAL YG MUTAHAL MAHAL INI. LEBIH BAIK BEKERJA TUK MBENAHI NKRI YG MAKIN KUSUT KAYA BULU KUSUT JEMBLUTT,Negatif,Positif,False,0.2175
Ugz7fftYlsA4p5Csg0p4AaABAg,Aswan ini gak tau malu ya,Netral,Netral,True,1.0128
UgwNX4zVV9UVjjR1KJF4AaABAg,"Astaga....gak berani tunjukan dan dibuktikan coba serahkan buat RRT utk mereka teliti keaslian atau kepalsuan ijazah itu,kan gitu...namun harus berakhir di pengadilan TUN",Positif,Positif,True,1.3125
UgxtOKH3B70HfH9zIlZ4AaABAg,Rismon dan Roy Suryo meneliti..  apakah mereka punya kompetensi untuk meneliti..sehingga bisa meyakinin ijasah yg diteliti itu palsu..karena kalau tanpa kompetensi setiap orang boleh menyimpulkan dan menyebarkannya keruang publik maka akan menimbulkan kegaduhan yg hasil penelitiannya masih dipertanyakan kebenarannya.,Negatif,Negatif,True,0.5114
Ugx6oVp8vrdIxJnEQsV4AaABAg,Ketiga orang ini bohong semus jawabannya tdk masuk akal . Maaf sekelas ugm aja bisa bohong apalagi yg dibawahnya naudzubillah . Sugguh memalukan .,Positif,Positif,True,1.0602
UgxwUVkOKTOufcI_Dr14AaABAg,Sudah di tunjuk masih di debat lagi. Berati pemerintah sekarang senang menderita diatas rakyat.,Negatif,Negatif,True,0.1242
UgxSP6uATFUZdE6LGSt4AaABAg,"Tetap di sngkal,pihak ugm sdh mnjelaskan gk d prcaya.aplgi phk polda...barisan org stresss",Negatif,Negatif,True,0.4412
UgzZSTbVrETF4TDqcI14AaABAg,Rakyat sudah tahu  ijazah jokowi palsu...kalau memang asli...!! Di pengadilan...!!,Positif,Positif,True,3.1191
UgwqGEFkO-QytKIwx3F4AaABAg,"Penjelasan yg terang benderang.
Sangat mencerahkan bagi yg punya hati bersih dan akal sehat.
Sangat meresahkan bagi yg sakit hati dan sesat fikir.",Negatif,Netral,False,0.4587
UgyikDQFAgR5x5-ND2V4AaABAg,Mantaaapp hakim MK!!!!,Netral,Netral,True,0.0018
UgyfwFr9lSXPU6Mer0l4AaABAg,Panci mantan napi msh di percaya aja 😂😂😂😂😂😂,Netral,Negatif,False,0.1817
UgzEhdhMpLOs3FOu9tB4AaABAg,"Politiknya terlalu jahat,kasihan pak Jokowi,rakyat tetap mendukung pak jokowi",Negatif,Negatif,True,1.5514
UgwXMldinZ8o63L82Lt4AaABAg,"Menit 26:33 detik detik pengalihan bahasan biar ga klihatan menipu nya, nanya ijazah pas di tampilkan di layar malah muka berubah pura pura begok😂😂😂",Positif,Netral,False,0.1375
UgxjJYAZ0UFzFqt7f2R4AaABAg,Apa ngak malu ya anak dan istrinya Andi.. melihat kelakuannya😊,Netral,Netral,True,1.1378
Ugw9ZSgr7uMASu67WHh4AaABAg,"😂😂Roy Suryo ko percaya pasti ada aja yg kurang ini itu,,
Lh dulu minta nya nunjukin😂,",Negatif,Negatif,True,0.8847
UgwS4c8LvcQg9Ew_BCN4AaABAg,"Punya duit palsu dikejar2
Punya SIM STNK palsu dikejar2.
Giliran punya ijazah palsu, malah dilindungi dan ga boleh diliat.",Positif,Positif,True,2.5546
Ugxjq_I8I-2SPYdZDQ94AaABAg,Harus di tuntaskan kasus ijazah palsu nya👍👍,Positif,Positif,True,1.9397
Ugwh_g1kjam27zBIqpl4AaABAg,Omong kosong ini..kasmojo sndiri bilang bukan pembimbing PK jokowi😂😂,Positif,Negatif,False,1.3331
UgzwgfECOYxRb7Gqx-54AaABAg,Roy Suryo Cs mengangkat kasus Ijazah Palsu hanya untuk mencari Panggung,Negatif,Negatif,True,0.0502
Ugyii2Tp0DEfuwuiVVh4AaABAg,Lanjut terus Jokowi harus di adili,Positif,Positif,True,0.5012
UgyaSVqPnTqgcZldcJ14AaABAg,"Pak Jokowi..Pak Jokowi
**Bapak President RI,* *Bapak ktnya Negarawan..*
*""Sudah banyak korban terkait-kait : Manusia, Waktu, Tenaga, Pikiran, Dana baik perorangan maupun Uang Negara bahkan Rakyat terpecah belah dalam pro&kontra.
**Segeralah tunjukkan ijazah Bapak..!!!*
*Bapak sbg Pejabat publik : Walikota,Gubernur dan President tidak bisa berlindung dalam rahasia pribadi..!!!*",Positif,Negatif,False,0.9163
UgwSImkB6E6xzfVmGo14AaABAg,Biar kapok  12th  pejara roy cumak bikin gadoh pemerimtahan    kalau  ug m mengatakan asli   ya sudan yg menilai masyarakat  bawah    topel2 pengacara begok mbacot  aja,Negatif,Negatif,True,0.4595
UgzUfJh96zuj2Sphz254AaABAg,"Seberulnya ijazah jokowi dihentikan saja.Bagaimanapun dia tidak akan nunjukkan ijazah aslinya,memang tidak punya. Ijazah asli itu aturannya dari dulu sampai sekarang dari tingkat SD Sampai perguruan tinggi TIDAK BOLEH PAKAI KACAMATA. Lha kok masih ngeyel Jokowi punya ijazah asli.
Sudah jelas ijazah yg dimiliki jkw itu PALSU.
PARA TERMUL MEMANG BERUSAHA MENUTUPI JANGAN SAMPAI BOROKNYA TERBONGKAR,KAN MEMALUKAN SEKALI.
RAKYAT SDH CERDAS TDK BISA DITIPU LAGI.",Positif,Positif,True,2.3577
UgxxMCKgVRzYgXrDYpt4AaABAg,Ngaku negara hebat ngurusi ijazah palsu keluarga pembohong doang kok gak mampu.malu maluin saja.,Positif,Positif,True,1.9015
UgwvvNgxxbFiFEEnlSt4AaABAg,TIDAK ADA KERJAAN   SUDAH  AKHIR  ZAMAN,Netral,Negatif,False,0.4678
UgwQjwE026_2c5liSkt4AaABAg,"Ijazah pak jokowi asli,orang2 stres yg bilang palsu aluas orang2 pengacau dan perusak",Negatif,Negatif,True,2.4824
UgzSrgzHypoNp3Moqi94AaABAg,dikit lagi tiba saatnya pak Jokowi permalukan orang2 yg bilang ijazahnya palsu,Negatif,Positif,False,0.1889
UgwTs7-bD4BUfNiNbvt4AaABAg,"gara-gara mas joko, UGM yg terkenal sebagai kampus paling top nasional jadi seakan2 kualitasnya seperti kampus ruko...    dari perdbatan dan bukti2 yang bersliweran simple sebenrnya apakah mas joko pernah ngampus di UGM? Pernah    apakah mas joko lulus? ga ada bukti...  apakah lulus S1? kemungkinan besar bukan, kalaupun masuk UGM hanya D3",Positif,Positif,True,0.0514
UgwPPo3xa2pj11E8lwZ4AaABAg,Orang ini jago ngotot rata2 memang Termul begitu. Karena sudah kena suap.,Netral,Netral,True,0.3642
UgwHsrvXtxgnIIpp3_h4AaABAg,"Om Gogon malu""in golongan,beda jauh levelnya Gogon vs refli Harun.🙏🙏🙏",Netral,Netral,True,0.6896
UgwnCqpMoraAzASzdxZ4AaABAg,"Ya wajar kalo pihak Roy cs masih menduga-duga, karena saat gelar perkara mereka hanya boleh melihat tapi tidak boleh menganalisa dan menyentuh. Padahal saat itu waktu yang tepat antara kedua belah pihak untuk menelaah ijazah asli jokowi yang sudah di depan mata secara leluasa. Dari hasil analisa mereka nantinya bisa ditentukan oleh mereka mau lanjut ke pengadilan atau tidak.
Jika seperti ini patut diduga masih ada sesuatu yang disembunyikan oleh kubu jokowi. Sebaiknya lanjut ke pengadilan",Positif,Positif,True,0.1744
UgwJRz4JLrn5po1irtd4AaABAg,Itu palsu gogon😅😂,Positif,Positif,True,0.7104
UgyyCiN8JiBf2ebDXqh4AaABAg,"Mending di kuliaih, dari pada membela kebohongan.",Negatif,Positif,False,1.2158
UgxtAGSUZS3zMWnBo_V4AaABAg,Ibu kerudung hijau keren,Netral,Netral,True,1.9084
UgwQ66VKse05Zc3u1zh4AaABAg,TOMPEL TOMPEL TOPLES TOPLES TOMPE TOPLES TOMBLO,Netral,Netral,True,1.7657
Ugy9NIfZq9uPpOSm7314AaABAg,"jika memang p Jokowi masih belum berani menunjukan ke publik ijazah aslinya , jangan heran klo rakyat masih menganggap bahwa Ijazah jokowi itu palsu
اللَّهُمَّ أَرِنَا الْحَقَّ حَقًّا وَارْزُقْنَا اتِّبَاعَهُ، وَأَرِنَا الْبَاطِلَ بَاطِلًا وَارْزُقْنَا اجْتِنَابَهُ، وَلَا تَجْعَلْهُ مُلْتَبِسًا عَلَيْنَا فَنَضِلَّ، وَاجْعَلْنَا لِلْمُتَّقِينَ إِمَامًا",Positif,Positif,True,2.3346
