comment_id,label_pass1_x,text,label_pass1_y,label_pass2,conf_pass2
UgwwW0FPqFUnu3Z4IBB4AaABAg,Negatif,IJAZAH JOKOWI ASLI ... NO DEBAT .... ASLI ASLI ASLI ... JELAS,Negatif,Negatif,0.97
UgxCXr941JGnkn7nY_J4AaABAg,Negatif,q yakin ijaza pk jokowi asli,Negatif,Negatif,0.95
UgySJWytNUPY_3BsiLB4AaABAg,Negatif,Ijasah jokowi Asli,Negatif,Negatif,0.95
Ugw55Izp8XKjS-2kQIx4AaABAg,Negatif,"Mulutnya mat tompel ibarat Comberan...Waspada ex HTI ex FPI aktifis Khilafah......saya Yakin Ijasah Bpk Jokowi Asli...logika aja Kalo Ijasah Bpk Jokowi palsu..otomatis Pihak UGM Pasti melaporkan ke Polri dan Bpk Jokowi pasti ditangkap dan diadili...ibarat polisi dapat laporan ada uang Palsu..pasti polisi gercep menelusuri menangkap pengedar dan bahkan diusut tuntas sampai pemuat / pencetak uang palsu..
Salam Sehat Salam NKRI
♥️🇮🇩♥️🇮🇩♥️🇮🇩♥️🇮🇩♥️🇮🇩♥️🇮🇩♥️",Negatif,Negatif,0.9
UgyKAQ-drgQr1Q1dK5Z4AaABAg,Negatif,Pengacara Roy ini sudah gila . Sudah ada pernyataan rektor UGM bahwa Jokowi memang alumni UGM . Ijazahnya asli .,Negatif,Negatif,0.9
UgyLiZibD03CZcSqI1N4AaABAg,Negatif,Penjarakan rismon p jk. Apapun yg dibicarakan rismon bosit,Negatif,Negatif,0.75
Ugzu6z9bzqAT08JUJ6x4AaABAg,Negatif,"Benar..yg dimaksud palsu ini apakah fisik ijasahnya atau proses memperoleh ijasahnya?
Karena secara fisik sudah dinyatakan asli, dan pernyataan ini oleh instansi yg mempunyai kewenangan.
Begitu juga secara substansi memperoleh ijasahnya juga sudah dinyatakan benar ada dari pendaftaran sampai wisuda dan pernyataan ini dikeluarkan oleh UGM sendiri.
Jadi dari kedua sisi..baik secara fisik dan cara memperolehnya juga sudah di nyatakan asli dan benar.",Negatif,Negatif,0.9
UgyBBgDYA5psSwIy_2F4AaABAg,Negatif,"Ijazah asli karena ada legalisir. Yg primer untuk apa lagi, jika pihak terkait sudah menjelaskan asli",Negatif,Negatif,0.9
Ugw9cMQDkGSi3j8-CzB4AaABAg,Negatif,"KITA SEMUA SDH DI BODOH2 I OLEH ROY SURYO, KNAPA KITA HARUS TURUTI SEMUA KEMAUANNYA, KLO UGM/POLISII SDH KATAKAN IJAZAH JKW ASLI MAU APA LAGI, ...KLO MENURUTI ROY CS TTG IJAZAH JKW TDK KESUDAHANNYA TIAP SAAT BERUBAH SESUAI KEHENDAKNYA CONTOH, TDK ADA WATER MAKS, TDK ADA EMBOS, BESOK LSIN LG FOTONYA BKN FOTO JKW, LAIN WAKTU BERUBAH LAGI IJAZAHNYA BARU DIBUAT DI THN 2000AN DST. TDK ADA KESUDAHANNYA... AKHIR DARI INI SEMUA TDK LAIN KECUALI DI PERSIDANGAN...",Negatif,Negatif,0.88
UgwVJIiKwRMR8-xvRMV4AaABAg,Negatif,kan ijazah nya sdh ditunjukan om hotman ko masih tanya ...,Negatif,Negatif,0.85
UgwkVw8cShIIeOWaMsx4AaABAg,Negatif,"Ijasah yang asli sudah terlihat dengan jelas... 
Berartikelanjutan dan proses berikut sudah tuntasss...",Negatif,Negatif,0.88
Ugwn4AyDCKkXaeNNP-l4AaABAg,Negatif,Meneliti ijazah fotocopy an 🤣🤣🤣🤣🤣🤣🤣🤣🤣🤣,Negatif,Negatif,0.65
Ugxpek9ECO904HIOon94AaABAg,Negatif,Ini..... jawaban yang tepat dari sebuah lembaga pendidikan yang kredibel di Indonesia yaitu UGM dimana perguruan tinggi negeri ini yang mengeluarkan ijazahnya Bapak Jokowi.....clear.,Negatif,Negatif,0.88
Ugy0fhvk6eU03_svrz54AaABAg,Negatif,"Menyimak wawancara ini, dah dijelaskan bhw jokowi mulai masuk UGM hingga wisuda. Dan data dah diserahkan pd penyidik. Dan dlm persidangannya ijasah dah ditunjukkan. Apkakah masih ada bantahan? 😂ambyar. Segera ketuk palu p hakim.",Negatif,Negatif,0.85
UgyMmiBMhZfBA8WLIr54AaABAg,Negatif,jelas sekali orang salah takut menghadapi sidang😂. bukan jokowi yg tkt sidang. kubu roy panci takuuutttttt😂,Negatif,Negatif,0.8
UgyPnIQjB4azk-TMhl94AaABAg,Negatif,"Cuma orang bodoh yang percaya klu ijazah pak jokowi palsu,, sudah jelas2 punya temen satu angkatan,, klu palsu dari awal nya aja pas jadi wali kota klu itu palsu mana mungkin. Dia bisa lolos,, kertas ijazah nya aja udah tua kok,,",Negatif,Negatif,0.92
UgyXbfsPmV8q0nrdV0l4AaABAg,Negatif,"pak jokowi itu pernah jd pengusaha,  walikota,pake logika lah,gk mungkin pula ijasah palsu.",Negatif,Negatif,0.9
Ugz9GWhsTkonHMylGe94AaABAg,Negatif,Lanjut terus kepengadilan penjarara sudah menunggumu rrt,Negatif,Negatif,0.75
Ugzodv4j85Y1EbCJIeZ4AaABAg,Negatif,Yang nuduh ijazah palsu malah ijazahnya dia sendiri yg palsu ternyata 😂 Simon namanya 😂,Negatif,Negatif,0.82
UgwGcbK4000FbLRUbU94AaABAg,Negatif,"Ini kelihatan si roy membenci p.jokowi iri atas prestasi p.jokowi ,ijasah palsu hanya jalan masuk mereka",Negatif,Negatif,0.8
UgwlTpP07RP73i6xxN94AaABAg,Negatif,"""lebih baik gua goreng polemik ijazah palsu gua  daripada kecium kasus korupsi gua""  😂😂😂😂",Negatif,Negatif,0.78
UgxDxtc93BZyPvcOP9p4AaABAg,Negatif,Yaa saya doakan roi suryo dan pengacaranya di hukum 30 thn,Negatif,Negatif,0.8
UgxF_tJRNm-yoyUeAuZ4AaABAg,Negatif,Disini saya yakin pak  yokowi  ijazah pasti  asli yang  sering membuat  berita bohong dan merusak nama orang harus tanggung jawab kalau buktinya bohong harus di penjahah lima tahun.,Negatif,Negatif,0.85
UgxvKllBXu1OKU4zquN4AaABAg,Negatif,"Katanya yakin ijazahnya palsu , tapi cari perlindungan sana sini 😂😂😂😂",Negatif,Negatif,0.78
UgyaKTIKVGpQMmPwb3R4AaABAg,Negatif,"Yg penting dapat sp3 egi ,dhl aman yg penting roy panci lanjut pengadilan  week",Negatif,Negatif,0.6
Ugz74TwYv4QCXv-HYRB4AaABAg,Negatif,"ILMUWAN acuan KELEDUNG2 : 1 DOKTER tdk ADA kerja/praktek, 1 pakar TELEMATIKA tdk TERSERTIFIKASI yang BOLAK-BALIK salah ANALISA dan 1 PAKAR IT lulusan JEPANG (katanya) yang ANALISA data ANALOG pakai ALAT DIGITAL. LALU dibumbui OLEH keledung2nya DENGAN bumbu2 DATA PALSU lainnya. 🫢😂😂",Negatif,Negatif,0.8
UgzZMp_b2HDXH5K_A5l4AaABAg,Negatif,Udah penjarakan rismon roi panci tifa  juga pengacara roi panci,Negatif,Negatif,0.82
Ugznmf8MPFDePaLTYG54AaABAg,Negatif,"Mantan peneliti panci kok meneliti ijazah potocopy yo hasilnya 99,9% palsu",Negatif,Negatif,0.75
Ugw5UlCUwO10FisW6854AaABAg,Negatif,"saya setuju dengan pak Jokowi nggak nunjukin ijasah emang mereka"" siapa kecuali klu lapor  dan di tanya penyidik tentang keaslian ijasahnya baru tunjukin orang tak punya hak untuk paksa liat dokumen pribadi orang lain klu tau orang lain pakai arsip ilegal tinggal lapor",Negatif,Negatif,0.78
UgwAuzmNMU4ltlLiEcV4AaABAg,Negatif,"Kmrn sdh yakin 99,9% ijzah palsu tpi koq ga berani ke persidangan, kalau yakin 99,9% artinya pasti menang klau dipersidangan, jgn2 ga yakin menang mkax ksna kmri cri jln kluar😂😂😂",Negatif,Negatif,0.8
UgwBi0xcv8k_MplARCV4AaABAg,Negatif,Roi itu bajingan,Negatif,Negatif,0.7
UgwC_BLIsDetN6ysaQx4AaABAg,Negatif,"Rakyat mana ..
Saya rakyay tdk mempernasalahkan ijasah pk jokowi .",Negatif,Negatif,0.5
UgwObfpVPax_nTb0xLt4AaABAg,Negatif,mampus makan kecap Suryo tifa rismun tuh apa kata pak sutejo,Negatif,Negatif,0.7
UgwRemDjE6mE4vmvjrt4AaABAg,Negatif,"Refly Harun harakiri dalam perkara ini ke MK. Cermati Ketua Panel YM Saldi Isra yg menggarisbawahi agar Refly menjelaskan siapa RRT dst. Rismon kesehariannya bukan dosen, bukan peneliti, bahkan titel Dr dari Yamaguchi itu bodong (siap meledak jadi perkara besar bagi Rismon), Roy juga bukan peneliti, dr Tifa juga bukan peneliti. Dari aspek ini kedudukan hukum ketiga prinsipalnya ini dan apa yg akan dielaborasi Refly dalam versi perbaikan akan jadi maju kena mundur kena, terutama bagi ketiga prinsipal. Karena apa yg disampaikan secara tertulis dalam sidang MK, akan jadi temuan. Fokus ke titel Doktornya Rismon, kaitannya dg Yamaguchi University, dst.",Negatif,Negatif,0.78
UgwXBEsA81ZcfujBHm14AaABAg,Negatif,IJAZAH NYA ASLI..  Orang nya yang palsu 😂😂,Negatif,Negatif,0.85
UgwZMPyxXF288ZVvtrl4AaABAg,Negatif,"kalau para setan yakin ijasah Jokowi palsu?, ngapain nyuruh Jokowi nunjukin ijasahnya?,kan lucu 😅😅😅😅",Negatif,Negatif,0.82
Ugw_TvAHyqzPhYaDgp14AaABAg,Negatif,"Setuju ibu, mantap sekali sudah mewakili saya rasanya saya mau cabik cabik itu tifa sama suryo",Negatif,Negatif,0.72
UgwqNP3dEeiJUSF_bl54AaABAg,Negatif,Hampir semua ijasah tdk ditunjukkan ke publik. Apakah itu semua palsu?,Negatif,Negatif,0.7
UgxAxHyVxW0wppygdXR4AaABAg,Negatif,Ijasah Jokowi yg di teliti Roy Suryo jelas palsu 1000persen.. wong yg di teliti foto kopi ijasah..  foto kopi kan palsu bukan asli😂😂😂😂😅😅😅😂😂,Negatif,Negatif,0.75
UgxDsUIJGVL6VuUF3l94AaABAg,Negatif,"Kasus ini mirip cucu palsu ....
Narasinya muter², padahal cukup tes DNA selesai ....
*Perbedaannya, kalau ijazah pak Jokowi jelas asli, kalau yg sebelah asli cucu palsu* 😅😅😅😅😅",Negatif,Negatif,0.85
UgxI3i6luEL-0vaOhuN4AaABAg,Negatif,"BIASA ROY PANCI MENTAL.P.RADEN
SEMUA HARUS NURUT APA KATA DIA...
DEMI UANG BOHIR.
KALAU PALSU YA HARUS PALSU...
UDAH NYOLONG DATA DIAN SANDI...SECARA DIAM DIAM
FOTO IJAZAH DARI DIAN SANDI LOH ""JAJARAN GENJANG""
KOK SAAT TERSEBAR DI MEDSOS JADI PRESISI,NO IJAZAHNYA DI TUTUP UNTUK ALIBI "" IJAZAH PALSU""
INILAH YG DI SEBUT MALING TERIAK MALING
ATAU MANIPULASI DATA
LIHAT DARI GAYA BICARA ( GESTURE TUBUH ) BANYAK BOHONGNYA ...JANGAN TERGODA PENAMPILAN ROY PANCI 😊",Negatif,Negatif,0.8
UgxQgHM3T-CnpEWlVMB4AaABAg,Negatif,Abah Sujiwo jebloskan aj Roy cs,Negatif,Negatif,0.78
UgxWXOGT4rvdoAUitf54AaABAg,Negatif,Sebagey ryat pa Wiwi udah menjabat wlikota persiden 2 peryode ko bisa di ktakan ijasah ny palsu dlu yng mengusung ny partey ma banteng gimana g msuk logika low palsu mah,Negatif,Negatif,0.85
Ugxn5T0Qm0J63SlqcFJ4AaABAg,Negatif,"Omong opo koe?penjarahkan Roy Rismon Tiva....
Kami Rakyat indonesia mendukung",Negatif,Negatif,0.8
UgxtVzHAg1zha2ay1uB4AaABAg,Negatif,"Gampang juga buktikan RS bohong, RS juga belum pernah lihat ijasah yg asli. Kok bisa bl ijasah palsu",Negatif,Negatif,0.8
UgxtWeVGyMqudGNh45J4AaABAg,Negatif,Kalau saya percsya asli karna pda waktu mendaftar walikota jokoei bukan siapa2 nga mkn ugm diam saja pada wakyu itu kalau jokowi memalsukan ijazah nalsr aja berapa jauh jogjs ugm semoga yg baca mikir,Negatif,Negatif,0.85
Ugxx8sMFuG31nDE0Tst4AaABAg,Negatif,"Ijazah dr palsu ijazahnya asli, kempuanya palsu cetek",Negatif,Negatif,0.78
Ugy00SVfYQ08N09lAPh4AaABAg,Negatif,"Ribet amat, mau tahu ijasah asli atau tidak tinggal tanya yg menerbitkan ijasah tsb, dalam hal ini UGM! Selesai . Kalau UGM bilang sah dan asli maka ijasah itu sah n asli di dukung dgn dokumen pendukungnya. Yg masih nyimak acara seperti ini sebaiknya berpikir jernih.",Negatif,Negatif,0.85
Ugy9S_-X8szd67XBxmt4AaABAg,Negatif,"Roy Suryo pasti kalahhh,,
Menang jokowi donggg,,",Negatif,Negatif,0.65
Ugyc8193PApYPRk4zdF4AaABAg,Negatif,Ijazah Pak Jokowidodo Dengan Kinerjany Tak Dicurigai Hanya Kosinuddin Yang Pembohong Dan Lainnya Aja Yang Pembohong Dan Bodh,Negatif,Negatif,0.78
Ugyo9JCgEn_Yr52Mhw14AaABAg,Negatif,"DOKTER TIFA, ANIES, DAN STRATEGI ""MEMBELAH BAMBU""
Belakangan ini, aksi Dokter Tifa yang gencar menyerang keluarga Jokowi (terutama soal isu ijazah dan silsilah) bukan sekadar kritik biasa. Jika kita bedah lebih dalam, ada pola politik yang terbaca jelas:
1. Kekecewaan yang Menjadi Obsesi
Berawal dari rasa ""dikhianati"" sebagai sesama alumni UGM, Dokter Tifa bertransformasi dari pendukung menjadi pengkritik garis keras. Namun, serangannya kini sudah masuk ke ranah personal (Anatomi wajah, silsilah keluarga) yang jauh dari koridor kritik kebijakan.
2. Anies Baswedan: Sosok di Balik Layar?
Dokter Tifa terang-terangan menyebut dirinya ""teman masa kecil"" Anies. Dukungannya bukan lagi rahasia. Dengan memposisikan Anies sebagai ""Abah"" yang sempurna, ia secara sistematis berusaha meruntuhkan legitimasi Jokowi dan Gibran untuk melapangkan jalan Anies di masa depan.
3. Strategi ""Pedagang Bermata Dua""
Gerakan ini sering membawa-bawa ""nama rakyat"", padahal kental dengan agenda politik kelompok. Ini adalah strategi Membelah Bambu: mengangkat satu pihak setinggi langit sambil menginjak pihak lain sedalam mungkin.
4. Mengapa Anies Diam?
Sikap diam Anies terhadap aksi radikal pendukungnya (seperti Dokter Tifa) adalah ""Silence as a Strategy"". Dengan diam, ia tetap tampil santun dan ""bersih"", sementara para pendukungnya di depan melakukan black campaign untuk menghancurkan karakter lawan.
5. Memanfaatkan Sisi Emosional
Strategi ini sukses karena menyasar masyarakat yang lebih mengedepankan emosi daripada logika. Isu personal seperti ijazah lebih laku dijual daripada debat program ekonomi yang membosankan.",Negatif,Negatif,0.7
Ugz9iqr66qRVR8Bcdgh4AaABAg,Negatif,Roy Suryo nantinya jadi tersangka terus akting pakai kursi roda...,Negatif,Negatif,0.7
UgzIWiwm_hVyjwR3ViN4AaABAg,Negatif,"Termul itu betul betul gak ngerti, siapa yg nuduh siapa membuktikan,,",Negatif,Negatif,0.55
UgzJ_2GjAR4qAjN4o5J4AaABAg,Negatif,Jangan jangan lembar pengujian skripsi dihilangkan seseorang untuk menguatkan tuduhan palsunya,Negatif,Negatif,0.65
UgzTDmGIUYWjvBSqY-F4AaABAg,Negatif,"Pak Jokowi lulus di zaman Pak Soeharto...emang ada yg berani memalsukan ijazah di zaman Pak Harto ? Sementara selesai kuliah, Pak Jokowi kerja di bumn.... logikanya kan begitu",Negatif,Negatif,0.85
UgzUuEN7U72Gg0ZbRf94AaABAg,Negatif,Sip Diana  ? Teros hajar roi Suryo cs,Negatif,Negatif,0.7
UgznmuSjLrMQRYmP9PF4AaABAg,Negatif,"Yg bela yg benar ktanya termol ,masak yg asli jadi palsu aneh !",Negatif,Negatif,0.8
UgzyFPMCvYxvbXE_rOd4AaABAg,Negatif,Panci kenthir,Negatif,Negatif,0.68
UgwEnq5cv4qTUqSEXI94AaABAg,Negatif,Roy paling GOBLLOKKK,Negatif,Negatif,0.68
UgwR2TEawYf6FqRW6tR4AaABAg,Negatif,Nanti seandainya ijazah terbukti asli mereka minta bukti celana dalam p jokowi waktu kuliah dulu untuk bukti kalau beliau pernah kuliah di ugm 😂😂😂,Negatif,Negatif,0.72
Ugwfl87_TU4AMaVTCLB4AaABAg,Negatif,"We goblok kalau memang kamu yaking 99,9 % ijasa Joko wi palsu kenapa minta masalah ini di hentikan.walaupung ada UU yg baru paham ingak Rafly.maju trus knapa takut seperti seperti tikus dgn kucing",Negatif,Negatif,0.78
UgyBXheBniDA0Mbf2iN4AaABAg,Negatif,"Roy Suryo muke nya garing . Kaya bo, ol PANCI",Negatif,Negatif,0.68
Ugz-ve-ExX-M6PfwUbN4AaABAg,Negatif,"susah susah susaaaaaah dah gini aja bung.. mauny situkan intiny ijazah pak'de jokowi itu palsu toh, jd mau pembuktian apapun todak mungkin benar dmata anda, mau dbandingan sm apapun tetap akan nantiny dsebut palsu... hahahaha",Negatif,Negatif,0.78
UgzuOqQlwkvWfxSCgFV4AaABAg,Negatif,Saya doakan Roy Suryo cs semoga berjalan lancar untuk menuju rumah tahanan amin,Negatif,Negatif,0.8
UgwINPglf71Sz1xrocB4AaABAg,Negatif,"Si Roy selalu berpendapat tanpa pernah melihat keaslian ijazah Pak Jokowi.
Urat lehernya hampir putus demi mempertahankan pendapat pribadinya. Payah.",Negatif,Negatif,0.8
UgwU04Zecz-Wyuwx_eh4AaABAg,Negatif,"Jokowi selama menjadi presiden memang sembrono dalam mengambil kebijakan.
Tapi saya yakin ijasah nya asli.
Kalau UGM di bayar atau di intervensi kesimpulannya adalah 
INDONESIA SUDAH KRISIS KEPERCAYAAN.",Negatif,Negatif,0.85
Ugwvo1tFI-B_pPfKMNJ4AaABAg,Negatif,Kuasa hukum pak jokowi memang top cer sekali bicara lngsung buat orang laen ketahuan bohong nya😂,Negatif,Negatif,0.78
Ugwx9Cen8JG6H-K1K4N4AaABAg,Negatif,Seumur hidup hukum lemah bila cuma 12 tahun dan Tutut ganti rugi pencemaran nama baik serta merugikan seluruh rakyat Indonesia di buat bohong,Negatif,Negatif,0.6
UgxAMNFEVROe20tRucd4AaABAg,Negatif,Lisannya si Roy ini buruk sekali... pantesnya dilakban 7 lapis..🤐,Negatif,Negatif,0.68
UgxTYX78sNVdkWgCPTx4AaABAg,Negatif,"Logikanya klo ijazahnya benar palsu kan mereka gk kena pasal2 itu, knp harus lari ke MK, bersrti mereka gk yakin ijazahnya palsu, pdhl sdh bilng 11 ribu trilyun persen palsu, 1000 persen palsu, jd diapa yg bodih di sini",Negatif,Negatif,0.78
UgxdTXZsbllMH6U5s3R4AaABAg,Negatif,"yg menghendaki kasus dihentikan sebenarnya kubu Jokowi apa kubu roy,s.kalo kubu roy s yg menghendaki dihentikan berarti jelas roy,s dalam posisi yg salah.ayo lanjut dipersidangan.",Negatif,Negatif,0.78
Ugxghx5KnDz_cdI2x7p4AaABAg,Negatif,"Kenapa kasus ijasah palsu di hentikan , klo sampe kasus ijasah palsu di hentikan hukum di ndonesia lemah bagi politik elit, klo bagi masyarakat kecil hukum nya di tegak kan , supaya tau mana yg di jolimi atau yg bohong , di mata rakyat indonesia baru tau ada mantan presiden di olok oloki sampai di tempat kuburan di sebut"" ,sy sebagai rakyat kecil merasa  mantan presiden di hina dan di olok oloki , presiden kita presiden indonesia sudah banyak pengabdian nya dan tidak korupsi , masa di hina begitu saja, apa hukum untuk orang orang elit kebal !?",Negatif,Negatif,0.75
UgxhrOiVQGZ_3P8wQ3N4AaABAg,Negatif,Roy Panci ...pendidikan tinggi tetapi kerdil cara  berpikir nya.....!!,Negatif,Negatif,0.68
UgxiyP31Z1Qrzi4lcrN4AaABAg,Negatif,P.jokowi politikus tingkat dewa?Krn dngn mnunjukan ijasah di pengadilan maka kdpanya biar masing2 pejabat negara sprt anggota dewan bnr2pny ijasah ga cm modal ijasah omon2aja.manta p.jokowi👍.,Negatif,Negatif,0.7
UgxlFCaJr61KKHSyDKd4AaABAg,Negatif,"Buat tim pak Jokowi kasus ini harus di lanjut supaya kami rakyat kecil mengetahui siapa  yang benar ,soalnya ini pencemaran nama baik bapak presiden supaya gak terulang kembali Ok",Negatif,Negatif,0.72
UgxmIAvH_DAQDXv94SB4AaABAg,Negatif,Secara tidak langsung si Roy sudah menghina dan merendahkan UGM... Mana nih mahasiswa UGM??? Jangan diam saja lawan si Roy nih masa gak ada yg berani??,Negatif,Negatif,0.78
UgxmfZti4j-GiltSV9B4AaABAg,Negatif,Emang cocok buat Roy di panggil congor masalahnya ntrocos aja spt silet menthok,Negatif,Negatif,0.68
UgxnMxAA5Tt1SDMqbjp4AaABAg,Negatif,Aiman itu tidak netral selalu membela roy panci nt klu roy msk penjara sy titip aiman sekalian.,Negatif,Negatif,0.72
UgxzUbHG0lRd4D4gXc14AaABAg,Negatif,Si roy cs klu ngomong .gk pakai fakta dan data...ini baru lawan sepadan sama ngwur nya...wakkk..mantaf lanjut kan bu,Negatif,Negatif,0.78
UgyBh7LPDRG4t8bmqUN4AaABAg,Negatif,Ijasa yg asli tdk bisa di tilep  mikir lah.,Negatif,Negatif,0.78
UgyPQ5lJnES9t2hoqZd4AaABAg,Negatif,Benar Prof Lely.. ini ijazah sy .  Banting di meja.  Jelas semua..❤😂,Negatif,Negatif,0.72
UgyTw7dGWpIwpdfHn154AaABAg,Negatif,pengacra ROI suryo cs.kalau kita dengar majlis hakim mk.menurut pengamatan saya bahwa .pengacara refli harun dkk.adalah pengacara paling bodoh sedunia.dan tidak mengerti tentang isi pokok  perkara nya.ini harus di tokak,Negatif,Negatif,0.78
UgyUxd7l-GpQq8dV9Yx4AaABAg,Negatif,aiman jangan memihak sama roi gila aiman  banyakkali kasih wakru  sama roi biadap itu,Negatif,Negatif,0.7
UgyWiUemoBzN4_W5m9h4AaABAg,Negatif,Tolok Pak Hakim Mereka ini Propokator,Negatif,Negatif,0.7
Ugz1Oo__PVvkV_2WB014AaABAg,Negatif,"Refli Refli  ;
Sebenarnya apa hak trio itu (roy dkk) meneliti ijazah pak Jokoi, apakah bapak yg memberikan tugas sama beliau beliau",Negatif,Negatif,0.72
UgzGT31pNF0NPhDsTCZ4AaABAg,Negatif,Argumen pelapor sangat lemah. Hakim MK memang Keren,Negatif,Negatif,0.78
UgzPi5Rn4BrI8Ivhnht4AaABAg,Negatif,"Roy Suryo kekeh bnget y ga BS apa ngurusin yg bermanfaat buat negara atw  minimal buat diri sendiri gitu malah  fitnah2  BPK Jokowi orang yg bnyk jasanya buat negara ,& masyarakat Insyaa Alloh sll melindungi BPK Jokowi & keluarga Aamiin",Negatif,Negatif,0.8
UgzRPw7WPZvevGScoEl4AaABAg,Negatif,Memang suryo kurang kerjaan.  Apa untung nya ungkit izaja jokowi,Negatif,Negatif,0.62
UgzX7fYJ3kVQoGi22id4AaABAg,Negatif,"Santay saja mas jiwo ,,rakyat sudah pada pinter ,,yang pinter bpk Jokowi ,,beliau sudah jadi pejabat dari wali kota ,, gubernur ,, presiden 2 periode ,, sekarang beliau kalo di ijinkan calon presiden lagi lawan Roy Suryo siapa yg di pilih di cintai rakyat ,,bloon saja kalo ijazah bpk Jokowi palsu ,,emang daftarnya ngga lewat lembaga yang namanya KPU",Negatif,Negatif,0.82
Ugzs2AO0vAlvT1eG2Ux4AaABAg,Negatif,SIROIPANCI INI KALO MENGUNTUNGKAN PASTI CENGENGESAN TAPI KALO SEBALIKNYA PASTI NYELA MOTONG OMONGAN DAN PUCET CONORE,Negatif,Negatif,0.65
Ugw4nkpKVNcFprhHNsJ4AaABAg,Negatif,Roy Suryo kalau disorot kamera NYENGIR KUDA😂😂😂,Negatif,Negatif,0.65
UgwDM4q2RHT1J5QeVJR4AaABAg,Negatif,"Rismon bukan di ketawain lagi, dah banyak yg mau nampar s rismon.",Negatif,Negatif,0.65
UgwN71tF2y7rRw7ALip4AaABAg,Negatif,Najis denger suara si rismon sma si panci😂,Negatif,Negatif,0.65
Ugxu61C_stseEgataZV4AaABAg,Negatif,"LANJUT PK RIVA,I JGN DIHENTIKAN JEBLOSKAN ROY PANCI CS JUGA SI RISMON",Negatif,Negatif,0.8
UgxzhWZo5IMCYg37Gnx4AaABAg,Negatif,"Panci Prengas Prenges, mohon dimaklumi krn Roy Suryo lg cari makan 😂😅😂",Negatif,Negatif,0.65
Ugx5gziaArKGgoJQFkF4AaABAg,Netral,Andi azwan ini memang TDK punya urat malu.,Netral,Netral,0.55
Ugy3nZMDrJ0w2BVOs454AaABAg,Netral,Wi wok de tok bakalan menang karna dia adalah RAJA jawa,Netral,Negatif,0.5
Ugyl0rpwQyayVtB1Wix4AaABAg,Netral,Ijazah hilang bisa minta salinan dari UGM,Netral,Netral,0.85
Ugw9IZW3OJkXQCm3gTd4AaABAg,Netral,Grombolan org2 stress kerjanya cari masalah...,Netral,Netral,0.55
Ugw1IkmYuwQjbdqtHoN4AaABAg,Netral,Azmaan bohong mulu,Netral,Netral,0.55
Ugw5VYeAy-Ex4hGZVxx4AaABAg,Netral,Sudah jadi gila bener siroy...karena berani fitnah tanpa data dimedia2 tiap hari...adzab dunia...adzab akherat lebih mengerikan,Netral,Negatif,0.6
UgwJK2UTq0gP4I5NcUN4AaABAg,Netral,"Bang, mulyono apaan sih?",Netral,Netral,0.85
UgwJKjAF_GUT2-qkarh4AaABAg,Netral,Bagaimana menurut bang Hotman roy suryo cs masuk penjara atau bebas bang ?,Netral,Netral,0.75
UgwWTLEdruCY0KaMvk14AaABAg,Netral,Jokowi dan keluarga malah ketawa liat acara ini....,Netral,Netral,0.5
UgwZsoLKHP1KDeJdkdB4AaABAg,Netral,Andi andi bohong kok gak malu,Netral,Netral,0.55
Ugw_kl0OWzzSZFgiiiV4AaABAg,Netral,"Gua malu denger ahli tapi bilang ""fattal et al""

Et al itu kan sama dengan (dkk) kalau kita lagi ngutip sesuatu. 

Nama yg bikin tekniknya fattal (et al=dkk).

Nama teknik nya sendiri fattal tone mapping.",Netral,Negatif,0.6
Ugwk7Fh88zEVYWIG3Ud4AaABAg,Netral,Kebanyakan ngeles pengacara Tirores.  Dengan narasi narasi Basi.,Netral,Negatif,0.68
UgxOMq2SzBCC4nvLBYt4AaABAg,Netral,"Sudah mulai bosan dengan berita ijazah palsu, tidak ada penyelesaiannya. Di goreng sana sini.",Netral,Netral,0.7
UgxiDz-bGlv-8ERi-3Z4AaABAg,Netral,Gk pnting,Netral,Netral,0.7
UgxtelHmit4j2llru9R4AaABAg,Netral,Orang cerdas dari bicaranya juga masuk akal ...cerdas mbah jiwo,Netral,Netral,0.6
Ugy4OlhLPXRndz05Rw94AaABAg,Netral,kebenaran akan terungkap,Netral,Netral,0.7
UgyAbQfO4tfrZcOxVqx4AaABAg,Netral,Mudah2an Alloh SWT menunjukkan kuasanya siapa yg benar dan siapa yg salah  tunjukkanlah ya Alloh biar kegaduhan cepat berakir,Netral,Netral,0.75
UgyBxnzbPOzJWHRXvId4AaABAg,Netral,Saya masyarakat perdalaman Kalimantan pernah lulusan S1. Pada jaman itu saya berpoto pakai kacamata utk pakai ditempelkan di izasah oleh rektor saya dilarang pakai kacamata,Netral,Netral,0.55
UgySEeh0lgsuLqjXaFJ4AaABAg,Netral,RS harus masuk rsj,Netral,Negatif,0.65
Ugy_tYSuQRz98Vn5kYN4AaABAg,Netral,Bagaimana  penjelasan jurusan kuliah di ugm?,Netral,Netral,0.8
UgwEWEpUXSHLcyxVdR14AaABAg,Netral,Byk lagi perkara perlu perhatian …. Ni lg2 pasal qualification Pak Jokowi yg dah mantan presiden. Waste of time,Netral,Netral,0.6
UgwLILIzEFES_m0F1zl4AaABAg,Netral,Sudah muak sekali dengar pasal Ijazah palsu Jokowi bikin gaduh setiap hari,Netral,Netral,0.7
UgwmvXenMucrO2BvkQx4AaABAg,Netral,Jadi  presiden.  10  THN.    . Ya pasti bisa pimpin rakyat  klu GK bisa  satu THN.  Udah di makzulkan.     Itu bukti.  Bahwa Jokowi sukses jadi presiden b,Netral,Netral,0.55
UgxAMIeDw4o2z2cQKzp4AaABAg,Netral,"Saya Bertanya:

Dapatkah retinaface dipakai untuk deteksi keaslian foto Pak Jokowi di Ijazah dalam khasus ijazah palsu?

Jawaban AI:

RetinaFace tidak dirancang untuk memverifikasi keaslian dokumen fisik atau mendeteksi manipulasi gambar seperti deepfake atau pengeditan Photoshop pada foto ijazah. RetinaFace adalah alat deteksi wajah yang sangat akurat, bukan alat forensik digital untuk otentikasi.Saya bertanya:",Netral,Netral,0.5
Ugxe1h9Jp-enMrH3V5V4AaABAg,Netral,Orang2 yg sudah tertawan jokowi 😂😂,Netral,Netral,0.5
UgyPxY90RbXgY82E7aZ4AaABAg,Netral,Universitas terkenal gara² jokowi,Netral,Netral,0.55
UgySR_1VzFUNr_D2sKZ4AaABAg,Netral,"Tumben roy cs ngga motong pembicaraan sujiwo tejo, malah pada dengerin",Netral,Netral,0.5
Ugz_xxap5bJB35qHS5h4AaABAg,Netral,Ya sudahlah gak usah dipersoalkan ijazah jokowi mau palsu atau asli gak perlu juga sih dipersoalkan,Netral,Netral,0.65
UgwChMcqaXO-IsGrGlN4AaABAg,Netral,Bukannya pengacara roy suryo cs si tompel ya? Apa sudah ganti?,Netral,Netral,0.55
UgwI4naEL26tj3ISWUp4AaABAg,Netral,Iya justru itu kan JD bingung  ? Apa emang Jokowi LG bingung apa gmn ya tadinya sy benci banget SM Roy panci KLO ngomong ga mau gantian apa LG sii tompel gaaa ada sopanya selaluu emosi trs   ? Ga tau laah masa bodoh sy udh capek liat vidio kalian muak,Netral,Negatif,0.55
UgwIVdzBhoRgxPo5-sF4AaABAg,Netral,Ini dokter pacarnya roy suryo k atau istrinya,Netral,Netral,0.5
UgwNix8I-hVoqCgSoid4AaABAg,Netral,Jokowi Jokowi,Netral,Netral,0.7
UgwOcbwH0rRGuqHcCOB4AaABAg,Netral,roy ngomong aja org pada diem aneh aneh,Netral,Netral,0.5
Ugwa_Zs0AVgCYQHZhi94AaABAg,Netral,orljel roy,Netral,Netral,0.6
UgwwWAs1zB0YcVhz8Dp4AaABAg,Netral,"Klo pak jokowi tunjukan ijazah dan bemar2 asli, mk scra otomatis nm baik akan kembali dan bahkan gk cm nama baik tp khormatan dan kbanggaan yg d dpt. Dan para penggugat harus mnta maaf. Tp jika terbukti, wajib mnta maaf. Dan mnta maaf itu bkn lah hal yg bruk krna kata maaf adalah hal tertinggi dr keiklasan seorang anak manusia.",Netral,Netral,0.65
Ugx59zXzRcJAzY1JNnF4AaABAg,Netral,"Bung Roy itu bukan hanya lulusan UGM,TPi juga pernah jadi asdos di UGM,dari situlah beliau tau smw tentang tatacara pendidikan bahkan sangat teliti melihat semua faktanya di UGM.",Netral,Netral,0.5
UgxC9Pqde8OXi_2wn-Z4AaABAg,Netral,Memang ada kelemahan Jokowi yaitu pada saat kepemimpinan nya banyak ODGJ termasuk tiroris,Netral,Netral,0.55
UgxNqaJBIPjykV-rLtp4AaABAg,Netral,Yg bela roy suryo stress... Udah jelas...!!,Netral,Negatif,0.5
Ugy0mBd92fOhfXLPtQ14AaABAg,Netral,Kasihan banget  saya liat di dini Roy,Netral,Netral,0.5
Ugy3SWB7JaFmbj7T25N4AaABAg,Netral,"Barang gampang di bikin susah caranya bagaimana .....ambil secara keseluruhan arsip data akademik jokowi yang di jadikan file di UGM terus ambil ijasah Jokowi dan bandingkan dengan ijasah pembanding tahun lulusan yang sama , selanjutnya periksa itu barang oleh kedua belah pihak yang memiliki kompetisi untuk menentukan keontitikan itu barang yang di tengahi oleh pihak kepolisian ataupun pengadilan ....barang gampang di bikin susah yang bikin susah hanya otak kita tidak mau di bikin mudah.",Netral,Netral,0.6
UgyBYDw81MHzeZnPW214AaABAg,Netral,Roi ini tetap nyengarnyenfir mulut nya,Netral,Negatif,0.45
UgyDh4ctKeG76X9SRWx4AaABAg,Netral,"DHL dan ES sudah gabung dengan ternak Mulyono
😄😄😄🤣🤣🤣😂😂😂",Netral,Netral,0.45
UgyHcv28AExE4p45R9d4AaABAg,Netral,Ngabisin anggaran aja gerombolan panci ini,Netral,Negatif,0.5
UgyYUX2N6rQc-1RQtel4AaABAg,Netral,UGM universitas gajah mulyono,Netral,Netral,0.4
UgyoetkVQAHpOVdDESV4AaABAg,Netral,"Akhir dari jokowi yang ingin tetap eksis, dulu banyak di puji sekarang banyak di caci.",Netral,Netral,0.5
Ugz8E9oFzrIyk8ILT2x4AaABAg,Netral,Dedi sakit hati Karo Jokowi opo di kriminisasi cak,Netral,Netral,0.5
Ugztc-at1x_DP0RO9hV4AaABAg,Netral,"apa yg lain juga pux data"" seperti itu atau hax Jokowi",Netral,Netral,0.5
UgxtyKlchyGApGPdmkV4AaABAg,Netral,Ini Pembela Jokowi Bukan Penaset Kapolri,Netral,Netral,0.45
Ugw-DtxESiuce3wTltB4AaABAg,Netral,parah Rafli dah kaya Roy Suryo duh payah,Netral,Negatif,0.5
Ugw8HxPQ-12EMJNT9jV4AaABAg,Netral,Buktikan legelsetending nya roy cs sebagai.  Peneliti ilmiiah nya,Netral,Negatif,0.5
UgwGk6P_rbA8q9-hXdd4AaABAg,Netral,Ijazah REKAN Jokowi di hadirkan di pengadilan sebagai PEMBANDING,Netral,Netral,0.6
UgwHXXT9IgnCDTyPdwF4AaABAg,Netral,Orang seperti Roy ngotot adalah orang benar jujur,Netral,Netral,0.5
UgwIDg9uLfU5xVvDN_B4AaABAg,Netral,Itu Aiman Propokator Dia Juga Benci Jokowi,Netral,Netral,0.5
UgwOfeT9reVjgouC10J4AaABAg,Netral,Rakyat Indonesia menunggu kejujuran  penegak hukum dan Jokowi untuk mendapatkan kebenaran dan keadilan di negara ini,Netral,Netral,0.5
UgwQ4HsVvdLMoG9O5Vt4AaABAg,Netral,Hadeuh Adi prayitno ini bukan pengamat tapi relawan jokowi😂😂 kurang up date dia kan ugm lagi di gugat di PN SOLO dan KIP,Netral,Netral,0.5
UgwRidPFY7y_eONFHIh4AaABAg,Netral,Bismillahirrahmanirrahim ya Allah ya Rohman ya Rohim yang memutar balikan hati manusia hamba mohon tolong tolong tolong tolong tolong putar balikan hati seluruh rakyat Indonesia berani jujur menyuarakan kebenaran yang sebenarnya dari kasus ijasa aslinya pak Jokowi dan Gibran agar negara hamba tidak seperti negara Suriah dimasa rezim Assad,Netral,Netral,0.55
UgwYch-I4tpKxnB6BMt4AaABAg,Netral,"Asli manusia menjijikan Mikael Sinaga ini, bikin malu masyarakat Batak aja.
Diawal dia bilang buku GEG itu karya ROY SURYO, dia juga yang bilang itu karya RISMON .",Netral,Netral,0.45
UgwbgtK2pws085rvYF54AaABAg,Netral,"Sebetulnya semua orang tau bahwa ini hanya mengadu dombam anak bangsa dengan masalah ijasah jokowi
Kenapa polisi tidak berani kedua belah pihak uji porensik bersama sama😂😂😂😂😂semua pura pura bodoh apa emang bodoh benaran",Netral,Netral,0.5
UgxJOPAckOjkWxhCVOl4AaABAg,Netral,Jokowi ga perlu ijazah lagi,Netral,Netral,0.5
UgxO90o-4UcJRW6lPJ54AaABAg,Netral,"Jangan di layani rasman. Pintar bersilat lidah mengalihkan idu ijazah jokowi. Semakin mulutnya berbusa- busa, semakin besar bayarannya dari jokowi. Penjilat... Memang tipikalnya...",Netral,Netral,0.6
UgxXY8JxCuOSJUWyLSd4AaABAg,Netral,Tolong kawal terus biar ijasah jokowi kelihatan asli /tidak nya,Netral,Netral,0.55
Ugxp5sSJGeFXMN9jIOp4AaABAg,Netral,Sama Lah Razman Yg BKN Kuasa Hukum Mulyono as Jokowi ada Jg Yg Nyerang Pribadi. Ini Semua Harus Koreksi Diri . Krn Salah Benar Hny Allah SWT yg Bisa Menentukan Jgn Mendahului Allah SWT 🙏🙏♥️🇮🇩,Netral,Netral,0.6
Ugy4EmRoHh5TEDkBcWB4AaABAg,Netral,Siapa yang menuduh jk terlibat ? Apakah jk sendiri menuduh dirinya fidalam AI ? Rismon sudah membantah dirinya tidak membuat tuduhan jadi polisi sendir harus mencari dulu siapa yang membuat harus jelas jangan tanpa bukti.,Netral,Netral,0.5
Ugy8z1_IlTrQrIuPpbp4AaABAg,Netral,"Wahai roy cs, kalau bisa jangan sombong
Ingat diatas langit masih ada para termul
Diatas hukum ada jokowi
Dan diatas jokowi tiada apa-apa",Netral,Netral,0.5
UgyFGxzMjnxfFW_T99R4AaABAg,Netral,"YA..,.KASUS JOKOWI DI HENTIKAN,BERARTI TARUHAN SAYA SAMA TEMAN GAGAL DONG.
PADAHAL SAYA JEKC BISA KE PENJARA SAYA MENANG 20 ,000,000,-
GAGAL DEH BISA FOYA FOYA 😭😭😭😭😭😭😭😭😭",Netral,Netral,0.45
UgyLY84ol3Ms-tDnOsh4AaABAg,Netral,"Saya juga mendukung Roy Suryo cs 
Ribuan persen
Secepat nya JEBLOS kan di penjara group Roy Suryo.",Netral,Netral,0.4
UgyiI3YOzTOf47HBRch4AaABAg,Netral,"Hati2 jebakan bang egi,,,sama damai hari lubis
Dia sudah minta maaf,,,tp tidak mengakui nya agar roy cs tetap di tersangka kan dan bang egi dan damai hari lubis lolos dari tersangaka,,,,sudah terbukti",Netral,Netral,0.45
Ugyt5UoMe1-o3PBfi1t4AaABAg,Netral,"Supaya nggak merembet tinggl tunjukkan aja ijazahnya, selesai ,bila mana ijazahnya asli, tinggl tuntut itu si Roy Suryo tentang pencemaran nama baik, kalau ijazahnya palsu langsung aja di adili itu si Jokowi , selesai itu smua urusan.",Netral,Netral,0.6
UgzCMRPy_efR6m8jI5l4AaABAg,Netral,Yg jelas aparst hukum tskut sama roy suryo,Netral,Netral,0.5
UgzGY4yvIW1EDseMwhB4AaABAg,Netral,Yg takut kalah sama kubu jokowi 2029 tunjuk jari???😂,Netral,Netral,0.5
UgzIhfoeZca-jl4P0lp4AaABAg,Netral,Tau gk kata ternak?? Ternak tu kan binatang. Apa aja. Mau kambing burung ikan ayam. Tu kan ternak. Binatang yg tau nya makan. Di kasih uang di ciptakan semuah kebohongan. Tu lah yyv di buat kubu jokowi. Isinya binatang semuah,Netral,Netral,0.5
UgzSFCnRxgVFfw7Yddd4AaABAg,Netral,Maaf sy rakyat biasa . Sy setuju jasa pak Jokowi di bukak tapi  jangan lupa jasa pak Suryo harus di Bawak juga terus js Resmon harus di bawa juga terus jasa dokter tifa harus di bawa juga karna kenapa ROI kan bilang telematika punyak gak sertifikat untuk peneliti terus Resmon juga perlu di tanyak juga bener gak lulusan luar negeri sekian terima kasi,Netral,Netral,0.45
UgzSZjFXpTa4wf1VUoV4AaABAg,Netral,yg kalian bicara kan itu apa maksud nya ..uang yaaa makan tu uang nya Jokowi .. biar puas,Netral,Netral,0.5
UgzqL5QUMhcttiNcFsd4AaABAg,Netral,"Tempat Debat ny jga tempat adu Domba 
Ngapain cari titik temu kebenaran lewat debat 
Ini jokowi udh lewat jdi persident dulu pda kmna",Netral,Netral,0.5
Ugwc2GTtIbYJjG087Rh4AaABAg,Netral,TV one jgn buat stekmen bawah jokowi menolak damai dari yg lain Roy Suryo juga 5dk mau damai ko.jadi jgn di bolak balik agar rakyat merasa jokowi yg tdk mau damai,Netral,Netral,0.45
UgzEQuYhG-w1L0LBAOF4AaABAg,Netral,"Kelpmpok Jokowo selalu menampilkan hal"" yg disampaikan Roy Cs  ttg kekurNgan "" yg afa..",Netral,Netral,0.45
UgzEpyvFTDhpC94pQhp4AaABAg,Netral,"Mengapa Roy Suryo sampai seperti itu perjuanganya ... selalu bikin ramai dan hidup suasananya, walaupun kadang-kadang bikin gaduh",Netral,Netral,0.5
UgwMuWsIqhf8UfoIvpZ4AaABAg,Netral,"S Andi asrun itu terMul,dr dulu dukung Mulyono",Netral,Netral,0.55
UgwVkRY9K674YDre1YN4AaABAg,Netral,Semoga kasus ijasah jokowi rakyat menunggu pembuktian dipengadilan ayo pak polisi secepatnya diserahkan kasus ini diserahkan kejaksaan dan disidangkan ayalah pak polisi kasus ini harus dipengadilan biar cepat selesai siapa yang bersalah harus dihukum 😅😅😅😅😅😅😅,Netral,Netral,0.55
UgwZCR3GIesvTdyLfgp4AaABAg,Netral,Deny Indrayana jika menilai Jokowi ilmunya sudah ngawur 😎,Netral,Netral,0.45
Ugw_t0236jJXffSXFDZ4AaABAg,Netral,"Kita dipaksa untuk percaya bahwa UGM seburuk itu kualitasnya, ada skripsi yang tidak ada tanda tangannya.",Netral,Netral,0.65
Ugwd9jUMutrhZYpkhhF4AaABAg,Netral,alangkH indahnya kalo barang kecil ini.gk jaDi besar.kalo dulu roy di beri jawaban gk mungkin roy berkoar kayak ini.100.persen aku yakin gk begini,Netral,Netral,0.45
Ugx8_7E6kzHs2b3aeTN4AaABAg,Netral,"Mjbahalah saja andi Azwan, kalau bener Asli tim roy suryo di adzab , kalau palsu termul di adzab",Netral,Netral,0.6
UgxEjg657EfyhppXQ514AaABAg,Netral,"Semua....takut dan melindungi
Jokowi....hancur hancur negara ini....",Netral,Netral,0.65
UgxQVGBWL8zaF7Yl2XJ4AaABAg,Netral,"Bila ternyata ijazah UGM pl. Jokowi palsu, maka para saksi yg menyatakan ijazah UGM pk. Jokowi asli, berarti telah memberi keterangan palsu dn pembohongan publik.",Netral,Netral,0.55
UgxRRC4kN3vJ9Cj8odJ4AaABAg,Netral,Termul2 ini harus dihukum juga kalau suatu saat nanti terbukti bahwa ijazah jokowi palsu.,Netral,Netral,0.55
UgxXtK5os9JgrMF7KDh4AaABAg,Netral,"Ngk menuduh tp bilang ada orang besar, apa itu bukan  nuduh namanya",Netral,Netral,0.5
UgxiJR5sVxMdK7jq3OB4AaABAg,Netral,Lihat gimana pihak JKW ngotot meski konyol makin meyakinkan bahwa nyari duit emang susah ya wkwkkw.,Netral,Netral,0.45
UgxqSjSBd6aFTNjnG654AaABAg,Netral,Kasus ini berbelit belit karena dari awal aparat penegak hukum berhitung cost...antara cost memenjarakan Jokowi dan kroni kroninya atau memenjarakan Roy Suryo dan kroni kroninya...sehingga esensi ijazah asli atau palsu tidak bisa terbongkar secara gamblang...,Netral,Netral,0.6
Ugxtpjx4UZ4_U7oad5V4AaABAg,Netral,Memang Roy Suryo cs tidak percaya kpd intuisi negara. Repot klo begitu,Netral,Netral,0.4
Ugy2XXcInNN9ZgEJ0n14AaABAg,Netral,Percuma dibahas dimedia tidak ada penyelesaian kalau berani Rektor UGM maksa Jokowi tunjukkan ijasah selesai baru Asli apa palsu kalau asli Roi Suryo cs di hukum kalau palsu Jokowi cs di hukum kalau bisa hukuman di atas panggung siang malam mau 10 th tetap di panggung di alun alun atau tugu Monas rakyat biar tau semua orang yg bikin gadu negara,Netral,Netral,0.6
Ugy4a_4qMSYYEOjySb54AaABAg,Netral,"Ngeri panjang banget kasus ijazah Jokowi ini,polisi sampai kewalahan,berjilid jilid,,belum selesai,makan waktu bertahun2,disini terlihat sekali polisi Indonesia tidak layak lagi menjabat sebagai polisi terbukti belum ada tersangka udah bertahun2",Netral,Netral,0.5
Ugy91R3l5F4gKLpnJtp4AaABAg,Netral,Kalau kayak gini masalah ijazah Jokowi tidak akan kelirnya anak bangsa jadi gaduh terus,Netral,Netral,0.5
UgyepFWcr6nJh5eEThZ4AaABAg,Netral,Mana mau aiman mengundang  rektor ini pasti malu kecuali grombolan Roy cs dia takut dipecat sama bosnya,Netral,Netral,0.45
Ugz7ETvI4MPhaPNXIrB4AaABAg,Netral,Yaa jika tidak ada yang asli artinya timbul balik memfitnah pak roi Suryo dan kawan dianggap memfitnah tercemar dong namanya....,Netral,Netral,0.5
UgzIwPtz8brtZ53sXhx4AaABAg,Netral,"Masyarakat cuman pengen ijazah itu bukan kalian cuman debat yang TDK ada hasil apa apa,,,KLO asli penjarakan orang yang bersalah,,,dan KLO ijazah itu palsu maka Jokowi harus bertanggung jawab kepada seluruh masyarakat Indonesia.",Netral,Netral,0.6
UgzWH1_fP_TLrVIFklh4AaABAg,Netral,Ya sudah klu emang palsu ijazah Jokowi..gak usah lagi lamar kerja dikaitkan ijazah.. gak kuliah aja pak Jokowi sangat pintar.. bukan sekolah menjamin orang pintar.. sekolah & kuliah hanya tanda pernah belajar saja😊😊😊😊😊😊😊,Netral,Netral,0.45
UgzlQDKnSkWVtlT-SE54AaABAg,Netral,"Yg berbohong masalah ijazah jokowi, pasti segera dilaknat Tuhan didunia dan akherat.",Netral,Netral,0.55
Ugzmt3e1NQUhKBG4Ya54AaABAg,Netral,Mulyono tidak tenang hatinya,Netral,Netral,0.45
Ugzqk96lnIltpA688DR4AaABAg,Netral,"Mur termul, ko tiba tiba, lu baca atau denger ga wa Eggi yg dibacakan , jkw mengundang bertemu udah sejak 4 bulan yll,
Udahlah termul hobi berbohong",Netral,Netral,0.5
UgxJ1pe6Eu-8l47vyV54AaABAg,Positif,"Iini kemungkinan besar 99,9% EDITAN.

Secara teknis, watermark dari ""UNIVERSITAS GADJAH MADA"" lalu terdapat salah satu baris tertulis ""ADAM"", sangat mustahil untuk typo karena tidak dibuat secara manual, melainkan auto-copy.",Positif,Positif,0.85
UgzMVHRLp4Ml4DrrqG54AaABAg,Positif,PALLLLLSSSSUIIIII😂,Positif,Positif,0.85
UgzGySu9jx5JiXIg3MB4AaABAg,Positif,"Penjelasan team UGM tdk bisa meyakinkan publik. TDK berani memberi pernyataan secara tegas ijasah PK Jkw asli. Hanya pernyataan pernah  menjalani proses pendidikan.
Klu FC ijasah (SPT yg diupload di medsos) sdh dilegalisir oleh UGM artinya waktu meminta legalisir tentunya UGM sdh melihat ijasah fisik yg asli. Kena apa TDK berani memberi pernyataan ijasah PK Jkw asli?
Apalagi sekarang setelah final putusan KIP menyatakan ijasah PK Jkw bukan tergolong privat.",Positif,Positif,0.7
UgwnjUdN1cw5RIPZ4HB4AaABAg,Positif,"Andi sudah mengedit secara digital. Perlu diproses juga tu.
Yg di upload dian sandi gambar nya miring. Si andi ngedit nya jadi tegak.",Positif,Positif,0.5
Ugx4UKquY3BAcbMaBpV4AaABAg,Positif,"Kalo jokowi menuduh fitnah, dia juga harus membuktikan kalo ijazahnya asli. Apa yg dia dalilkan dia jg harus membuktikan.",Positif,Positif,0.7
UgxRnrIn2lx1TRx9fbV4AaABAg,Positif,Saya yakin Roy Suryo benar,Positif,Positif,0.55
UgxVX3ZVg6VgJjVKxwB4AaABAg,Positif,Tangkap segera jolowi dan adili...!!!!,Positif,Positif,0.85
UgzGyq7p1LZrkQP6Z7x4AaABAg,Positif,Sampai kiamat pun Jokowi tidak akan bisa buktikan bahwa wajah orang di copy ijazah itu dirinya bukan orang lain,Positif,Positif,0.7
UgzZb5v4FhS2i5Z4rfV4AaABAg,Positif,Kelihataan bgt bohong. Jgn kasih kendor pak roy suryo. Mantaps👍👍👍,Positif,Positif,0.65
Ugwh_g1kjam27zBIqpl4AaABAg,Positif,Omong kosong ini..kasmojo sndiri bilang bukan pembimbing PK jokowi😂😂,Positif,Positif,0.55
UgzaN5XaazV15vZuN1x4AaABAg,Positif,"Maling motor barang bukti yang ditahan motor hasil curian, bukan foto atau photocopy motor 
Begal yg ditahan sajamnya bukan foto atau photocopy sajamnya
Kasus narkoba yang ditahan narkobanya bukan foto /photocopy narkoba 

Kasus isi koq bisa ya yang disita barang buktinya PHOTOCOPY 

Jadi besok2 kalau ada razia kasih SIM & STNK PHOTOCOPY saja ya 

Kan pak polisi yang mengajarkan dan memberi contoh kepada kami, bahwa asli & photocopy sama kuat bisa jadi barang bukti",Positif,Positif,0.55
Ugwn2dmY3OYCKtwwLyZ4AaABAg,Positif,"Perlu diketahui, bahwa dalam masalah ini substansi maslah dan mentersangkakan orang itu tak nyambung ...... ya di tanya ijazah malah jawabannya tuduhan pencemaran baik. 
mana ijazahnya dulu tunjukkan dan persilakan untuk di uji sesuai prosedur , jika ternyata ijazahnya asli , baru boleh mereka yang tuduh ijazah palsu dituntut . gitu lhoo 
Dikasih Tuhan akal sehat dan nalar waras jangan di bloon bloonin lah",Positif,Positif,0.6
Ugwy_o9R_5bI8CrKpD94AaABAg,Positif,Gusnur & bambang tri dipenjara tanpa ada ijazah asli ditunjukan...,Positif,Positif,0.6
Ugwz938mF9CyiyndVhV4AaABAg,Positif,"gassss trus bg rismon,sedeherna ,lugas masuk akal seha,
t sehat² slalu para pejuang 8jazh jkw",Positif,Netral,0.4
Ugx20-ssdXG_UGIR3FZ4AaABAg,Positif,"Sepanjang baca komen komen disini ga keliatan yang mendukung UGM, malah bertambah yakin aja. ",Positif,Positif,0.5
UgxBkBTt_3KLF4EXzER4AaABAg,Positif,"Menunjukan saja gak cukup. Harus dipegang dirabah dites bersama secara terbuka dan dibandingkan dgn pembanding lain.
Kalau yakin asli pasti berani izinkan Roy cs utk pegang memphoto dan mengujinyan",Positif,Positif,0.6
UgxOLrdMEQcBfKV98Ap4AaABAg,Positif,"Tangkap sijoko adili ,makzul kan fufu Fafa ,ni negara hukum",Positif,Positif,0.8
UgxUfzm4mdKkhRJEYDB4AaABAg,Positif,Dukung roy suryo ungkap kebenaran,Positif,Positif,0.5
UgxcrNgPb8OOd-S07bF4AaABAg,Positif,Maaf ni pa sy bisa menilai walaupun sy orang bodoh.cuma menujukan izajah aja kenapa takut.ujukan aja klu btl2 dia orang Negarawan maaf Pa.,Positif,Positif,0.65
Ugxzvjy53jIk1sWDtcp4AaABAg,Positif,"Menurut saya Pak Jokowi berkewajiban menunjukkan ijazahnya kepada masyarakat sbgai pertanggungjawaban kepada pemilihnya.. Jika beliau benar, maka nama baiknya akan pulih dengan sendirinya, tidak perlu mempidanakan rakyatnya..",Positif,Positif,0.65
UgyA8WngJwfP63zSbPd4AaABAg,Positif,Itu ODGJ berharap banget laporannya dicabut. Seharusnya dorong dong agar dilanjutkan sampai ke pengadilan biar Jokowi malu. Bukan malah ketakutan jika dilanjutkan..!!,Positif,Positif,0.6
UgzhT9vbfLiuyjb7vX94AaABAg,Positif,Roy suryo adalah pejuang penegak kebenaran. Hrs di dukung. Indonesia perlu banyak org seperti Roy Suryo,Positif,Netral,0.5
UgzHyqpUvqk8GqQ6Wq94AaABAg,Positif,Semoga termul2 jokowi cepat2 dapat adzab dari allah swt.ami,Positif,Netral,0.4
UgzlmuiPzbigDTJX0Ux4AaABAg,Positif,Semoga bang Roy dan ibu tifa sehat selamat rezeki halal berkah berlimpah...maju terus pejuang kebenaran keadilan bagi seluruh rakyat nkri....,Positif,Netral,0.6
Ugwf43gL-A6c8sS1ctt4AaABAg,Positif,"Pa.hotman.saya Rakyat sdh pusing. Saya percaya saja sama Bang.Roy.sur yo Grup. Karna cuma 1.lmbr ijazaza.gampang sekali cuma perlihat,kan saja sama publik",Positif,Positif,0.55
UgxbKLKmSSy4q2xxqgh4AaABAg,Positif,Yg benar di salahkan jngn takut pak Suryo kalo bener Allah pst merestui❤❤,Positif,Netral,0.4
Ugyi8DSjPKK5jjHhCRN4AaABAg,Positif,"Para munafik pembela jokowi berulangkali bicara soal kebenaran tapi apakah mereka sadar yg mereka bela adalah seorang pembohong?? Itulah begundalnya mereka, pintar bersilat lidah menipu dan membodohi miasyarakat. Ucapan dan tindakan kaum munafik kontradiktif, mereka-merela inilah perusak negara sesungguhjya yg tdk merasa melakukan kerusakan tapi konyolnya malah merasa melakukan perbaikan.",Positif,Positif,0.6
UgwL6edLnBZScuz2XDR4AaABAg,Positif,"Tuhan nya termul segala Alam adalah jokowi
ketahuilah wahai umat wkwk

power nya : perkara besar bisa jadi sesimpel balikan krupuk
perkara simpel bisa diribeRattkan seperti membalikan 1000 gajah wkwkwk

hidup termuL. wkwk
hidup congor.. ehhh sorry",Positif,Netral,0.4
UgxW2rNAHODXJcSk1W94AaABAg,Positif,Krooco2 jkw memang maunya kers dan panas jkw puas tambah recehnya jangan terpancing mas roi,Positif,Netral,0.5
Ugyea7FrCf4JR2RzBnl4AaABAg,Positif,"Disini yang paling sangat berdosa itu jokowi , sudah mengandu domba  antara kubu termul Dan kubu Roy suryo tiap hari , orang nggk  takut tuntutan akhirat ,nggk  mengingat akan umurnya 🤨",Positif,Positif,0.4
Ugyfjn8a2TmO8UL-vAt4AaABAg,Positif,"ANDI ASWAN ITU SAMA SEPERTI JOKOWI, RASA MALUNYA SUDAH DICABUT OLEH ALLOH SWT...",Positif,Netral,0.4
UgzKjXT5MSPKyD4W0Ql4AaABAg,Positif,"Astagfirullah andi azwan.
Setan apa yang menghantui mu.
Jokowi tertawa melihatmu😂😂",Positif,Netral,0.4
UgzXj7jr9MSReLlii8N4AaABAg,Positif,Percaya lah tidak ada yg melawan kekuasaan Allah atas kebenaran yg di usung rrt,Positif,Positif,0.4
UgzuYtdXoz2_7JhtpoB4AaABAg,Positif,Sok paling penting ini si Andi . Inget kata dokter tifa Mount Stupid 😂,Positif,Netral,0.45
UgwOWgZrIAcbw1p7c3J4AaABAg,Positif,"Itu bang Andi a, termul sejati patriot...

Nanti mleset sedikit Ama jkw,,baru rasa lu..

Dah byk korban temen"" sejati kowi,,masuk sel..",Positif,Netral,0.4
UgwXpHzek6V82Ou9wON4AaABAg,Positif,Masyarakat di rugikan oleh p Jokowi😂😂😂,Positif,Netral,0.4
UgwZBRaTpSTurkZu5x14AaABAg,Positif,"Saya ragu tidak ada yang tidak mendukung RRT untuk ijazah Pak Jojowi Kita tau bkn sedikit unang yang harus dikeluarkan RRT untuk penyelidikan ijazah ini.
Masalah ini udah 1 tahun lebih. Apakah RRT mau meninggalkan pekerjaannya hanya kerna menyelidiki Ijazah Pak Jokowi tanpa ada sesuatu??",Positif,Positif,0.45
Ugwo-z7gex72zf_ZlIh4AaABAg,Positif,pak Jokowi nanti dipengadilan akhirat banyak yg harus bawa pertanggungjawabkan loh pak sama rakyat² bapak . semua org jadi berdebat pak mempermasalahkan ijazah BPK,Positif,Netral,0.4
UgwxoPIV9PL9D-hEdwd4AaABAg,Positif,"kalo LSP blm diganti,Jokowi pasti dibela terus...",Positif,Positif,0.4
Ugx7mUSK8Ks6CUQZv9x4AaABAg,Positif,"jokowi nya masih suka liat kalian berdebat soal diri nya,,,sudahlah,, hukum rimba itu yg harus dilakukan untuk jokowi",Positif,Positif,0.45
UgxGPX1FBogVgnKkdPJ4AaABAg,Positif,"maafin cuman 9 tapi sisa tiganya nggak, kayak anak kecil dong, bedanya mukjizat dengan sihir, mukjizat itu dari ketulusan hati, dan sihir itu dari hati yang gelap, jokowi dajjal.",Positif,Positif,0.4
UgxO_l9rfh58BBPY5oN4AaABAg,Positif,Bapak. E. Itu. Pembela. Jokowi.. supaya. Jokowi. Zolim. Masih. Dibela,Positif,Netral,0.4
UgyCbJcKfp0AfeFN3OV4AaABAg,Positif,"orang pinter bagaimanapun jika sudah masuk kerumah Jokowi, pasti begitu keluar dari rumah jadi goblok",Positif,Netral,0.4
UgyW_88NwkVT_EmLbKV4AaABAg,Positif,Luar biasa ajudan jokowi bisa memberhentikan proses hukum hebat.......hebat tenan,Positif,Positif,0.45
UgyiXgtKkK6FLp5v8jN4AaABAg,Positif,Jokowi cuma memperlambat.waktu,Positif,Positif,0.4
Ugz48a7tjYCpQadGtJJ4AaABAg,Positif,Baru tau bahwa jokowi mania nusantara yg di ketuai andi azwan memiliki byk  youtuber khusus buat hoaks. Aku rasa bayarannya lumayan besar tu.,Positif,Netral,0.5
UgzWAM8TXeC6Q1_4-Cl4AaABAg,Positif,"Doa kami untuk para pejuang kebenaran mas Roy dkk. 
Dan laknat Alloh atas rezim yg dholim",Positif,Netral,0.4
Ugw7Knd3isaYVrbo9h14AaABAg,Positif,"Pak Egy dan damai, bisa di Bawak damai dgn Jokowi. Penghianat dlm perjuangan.",Positif,Netral,0.4
UgwF1oZiLKfqDu9jON94AaABAg,Positif,Usut jokowi buruk bagi sejarah indonesi pemimpin korup gk mikir rakya . kyak ini kok bisa mimpi indonesia seperti bukan negara kok bisanya jokowi mengobok2 indonesia megawati harus bertanggung jawab,Positif,Netral,0.45
UgwQdA1gmdObnSbR2g54AaABAg,Positif,"Petunjuk administrasi umum nya aja di koreksi,,,banyak salah,,apalagi isi materinya,,,wakakak,,,,",Positif,Netral,0.4
UgwvuWBXSKnjNlMQ1zt4AaABAg,Positif,"Ingat terjadi km 50 apakah jkw termasuk baik? Kanjuruhan, dan masih banysk lg. Termasuk baikkah jkw?",Positif,Netral,0.5
UgxOES7Vq1bewJYejiJ4AaABAg,Positif,"Perlu disimak semuax...disini perlu diberi tanya besar.
Bappa tua ini mewakili polri atau mewakili polri+Jokowi?????
Jadi orang kalau bisa janganlah menjadi manusia m u n a f i k.
Akui saja mewakili Jokowi dengan dalih membela polisi yang seharusx n e t r a l.",Positif,Netral,0.45
UgxOnlZn16q5oDswOfx4AaABAg,Positif,Maju terus dr Tifa jgn denggar org gila seperti gila parah,Positif,Netral,0.45
UgxRpKSBhOEPxs5alpF4AaABAg,Positif,Wkwkw Yaqub mau nyerang bung Roy malah di permalukan,Positif,Netral,0.45
UgxYBWsMSTGSy2JykcF4AaABAg,Positif,Di sumpah aj tu jokowi,Positif,Positif,0.45
UgxcuZjYtFwVBu__01x4AaABAg,Positif,Memang Jokowi cari panggung,Positif,Netral,0.4
Ugy6gg88lwrqAIXBxPB4AaABAg,Positif,Roy Suryo cerdas dan benar,Positif,Positif,0.45
Ugylb1SwmABeeFI5CFt4AaABAg,Positif,"Saya malas kali mendengar pro pak Jokowi ini, krna argumen nya gak ada nilainya",Positif,Netral,0.4
UgzTHbBIi_22BzsfoBN4AaABAg,Positif,Peraturan bisa berubah 2sesuai kepentingan jokowi,Positif,Netral,0.4
UgzkT0MDX0_4bSqQ8sl4AaABAg,Positif,Rifai loyer bodoh roy suryo dkk istilahx 8 orang itu satu paket kasusx makanya klau lanjut semuanya jk dihentikan semuanya hrs berhenti,Positif,Netral,0.4
UgzW_nKw6DkZ9Md6Tzh4AaABAg,Positif,"Smua masalah emang dr Jokowi,,,smua Jokowi sumber segala kisruh",Positif,Netral,0.45
UgxCw6sYVuV1VRizChh4AaABAg,Positif,Dari awal aja sudah gak mau di tunjukin ber arti palsu sekarang gak mau di bandingkan dengan yg lain paham kan,Positif,Positif,0.7
UgxI8G_K-eL3tFtrcox4AaABAg,Positif,"*mas ROY kan bisa aja lembar pengujian itu hasil REPRODUKSI. Dulu tidak ada, tapi karena kasus ini mencuat maka pihak MULYONO membuat apa yg blm ada*",Positif,Positif,0.5
UgyIxMQuzbin1AYEi1R4AaABAg,Positif,"Antek2 jokowi bilang si kosmodjo pembimbing akademik, tapi namanya ngk ada di skripsi.. gw dulu kuliah bikin skripsi ada nama dosen pembimbing gw😂 gila sih",Positif,Positif,0.55
UgzCaw6DUngkpQxhmYV4AaABAg,Positif,"Kerugian apa???? Hadeuhhhh 
Kalau itu palsu semua rakyat di tipu, 10 th numpuk hutang rakyat yg bayar, itu untung apa rugi namanya?",Positif,Netral,0.45
Ugzas21S1uYb9swEBhV4AaABAg,Positif,"Pak jokowi PD amat ya Katanya Tidak akan memaafkan tersangka lain lucu ya,seolah olah biar ijazahnya itu terlihat kayak asli padahal palsu...",Positif,Positif,0.9
Ugzx59NbY8hweRW3W_h4AaABAg,Positif,"YANG MENJADI PERTANYAAN BESAR SAYA ADALAH :
KENAPA MASALAH IJASAH SAJA TIDAK DITUNJUKKAN BIAR MASALAH SELESAI.
KENAPA MASALAH IJASAH HARUS MEMBAYAR BANYAK PENGACARA ?
INDONESIA MENJADI GADUH GARA GARA IJASAH.",Positif,Positif,0.78
UgwvhHqGGLkZVmKCdBp4AaABAg,Positif,Universitas Guna Moelyono (UGM). TITIK.,Positif,Positif,0.6
UgzVMnjP2tRhyTBBS154AaABAg,Positif,Palsu tunjukan dong jangan asumsi congor,Positif,Positif,0.85
