comment_id,llm_label,confidence
Ugw_t0236jJXffSXFDZ4AaABAg,Negatif,0.8
UgwRtZ3G8NvTegNfVaZ4AaABAg,Positif,0.8
UgwKBq4-BTzaczGygd94AaABAg,Positif,0.9
UgzC8OrbwQhZG4D16rh4AaABAg,Negatif,0.85
UgwFwdpByq-roQkI6Zt4AaABAg,Positif,0.9
Ugzy1eI5CmRnNM4-hCl4AaABAg,Negatif,0.75
UgwnUK5_P_DK1DfaZtN4AaABAg,Negatif,0.75
UgzoPcxoho5qXUIRN0Z4AaABAg,Positif,0.85
UgxTdtDDia_pWabzcWd4AaABAg,Negatif,0.75
UgzuRf7SOf1bvuA51p54AaABAg,Positif,0.95
UgzoJhruwCXMYD8srEV4AaABAg,Negatif,0.7
Ugx0XSR9hBJRYAQ4xFB4AaABAg,Negatif,0.8
UgzNxqrS9XOrx_4lXBh4AaABAg,Negatif,0.8
UgyMsU7ld5jovSoifup4AaABAg,Negatif,0.85
Ugxy5OD5SspJzDHoOHR4AaABAg,Positif,0.8
UgwB9NRKoYaqZzoP_Np4AaABAg,Positif,0.8
UgxVN4nTgnOgDYIzjMV4AaABAg,Negatif,0.8
Ugw_kaAcSV6tXfmIX294AaABAg,Positif,0.85
UgyHUMX2_9-pzpT7r2R4AaABAg,Positif,0.8
UgzCld30tjVaYBGdMgd4AaABAg,Positif,0.8
UgwI1XImU-_-K9ZhQWd4AaABAg,Negatif,0.8
UgwvdzFFs19WJyt-Ygd4AaABAg,Negatif,0.82
UgyGMONiXs1c-WDd85Z4AaABAg,Positif,0.9
UgwBqpUykckbMSZAzRN4AaABAg,Negatif,0.75
UgzwHMEgIaHo_kFeEpN4AaABAg,Positif,0.9
UgyucpvxqN2GMjZzGix4AaABAg,Negatif,0.75
UgywWoRlbzcMspLVVX94AaABAg,Positif,0.8
UgyrqzAvYIBSH-e3i4l4AaABAg,Positif,0.88
Ugz3qhc2Tb8_kREqD6J4AaABAg,Positif,0.8
UgzK38fRjZheriIHd3V4AaABAg,Positif,0.8
UgzRb2Yw8p8DchMykNV4AaABAg,Negatif,0.8
Ugwss9rbfuW59VrDCcN4AaABAg,Positif,0.85
UgzsLeiZ9FkzL7FEnqJ4AaABAg,Negatif,0.7
UgzhlZ1L3nOTJWaCZvF4AaABAg,Positif,0.8
UgzZNaG1KE74StPhvDl4AaABAg,Positif,0.9
Ugzd6uqZSPpZNf8iK_14AaABAg,Negatif,0.75
UgxrrQAE7qH3jaddPdB4AaABAg,Positif,0.85
Ugx5M1IPKrs-pjOF0Cl4AaABAg,Positif,0.8
UgzHW0qvPpfrxYDG4cF4AaABAg,Positif,0.9
UgxgMLWKoxaGgC6bdzh4AaABAg,Positif,0.85
UgwJE9rJnRUAMjAtkj14AaABAg,Positif,0.8
UgyqHDAA_8OVFbQWZHF4AaABAg,Positif,0.8
Ugz65r8mp4SUNgdquSZ4AaABAg,Positif,0.9
UgyEpMsYSEs1R1Z6mg94AaABAg,Negatif,0.65
Ugyin-GubakA90hbZjh4AaABAg,Negatif,0.75
UgzYhqqHU6ueAMCerpR4AaABAg,Positif,0.8
Ugwb9cKzm77HMkF21iF4AaABAg,Positif,0.85
UgxM3fJL8re3jdjNr_d4AaABAg,Positif,0.8
UgzKNOtF_6KcILJmQO94AaABAg,Positif,0.85
UgyILxYGbeAzCX4wVr54AaABAg,Negatif,0.75
UgyfM_ec6p6OyUev6Qp4AaABAg,Negatif,0.8
UgxWu7VBzd85vbIQwVt4AaABAg,Negatif,0.8
Ugx4VbL_wRoZsFnFXbB4AaABAg,Positif,0.8
UgyGjbxbmZTd6Uzc0Kt4AaABAg,Positif,0.85
UgzJ6RZcNYPJCQjayKB4AaABAg,Positif,0.8
Ugzao_JZHby-PRRuQad4AaABAg,Positif,0.9
UgyAdS3vWIiZi6-fUeB4AaABAg,Positif,0.88
Ugw9Zqksxr5UqQzuXzp4AaABAg,Positif,0.85
Ugxfw4bbR3AFDq-NgYV4AaABAg,Positif,0.8
UgxvIlMOn2vmFPxTfQ14AaABAg,Positif,0.9
Ugz2GiAw1nE5ZVVqiZ54AaABAg,Positif,0.9
Ugw72T3HBVWdM0w6LBh4AaABAg,Positif,0.82
Ugxdb_S3b8KPCTUPp7J4AaABAg,Positif,0.85
UgymHPMzfcop95ucF8F4AaABAg,Positif,0.8
Ugzh3quRq02sdiv8aBt4AaABAg,Positif,0.82
UgyMk32IwrcJctyfH0F4AaABAg,Positif,0.85
UgxffwEwR7XWIqa3I4l4AaABAg,Positif,0.8
UgztAIdwrhGEdaI1DS54AaABAg,Negatif,0.75
UgwYKV5FeEMy8xknxNB4AaABAg,Positif,0.85
UgwqBr0eC5gZpuBvAIF4AaABAg,Negatif,0.75
UgycVqbfvSwP4w7JGtN4AaABAg,Positif,0.8
UgzJMqomeZbWWp8gJ3x4AaABAg,Positif,0.8
Ugwqk_OXUpL6PHKbp014AaABAg,Positif,0.85
UgyCY_n9jeI0VI2xOEp4AaABAg,Negatif,0.75
UgxybpTkMwImr20LvoB4AaABAg,Positif,0.8
Ugzz5B5lrZeIcLDKJhl4AaABAg,Positif,0.9
UgykEM72bY3iQet5bUt4AaABAg,Negatif,0.75
UgxAvMaerF4nqIDAkap4AaABAg,Positif,0.8
UgyMpj5aCDS3hFncMD54AaABAg,Positif,0.85
UgyKahBHLEXmIw8aQph4AaABAg,Positif,0.85
UgyQJdhMqoA2OHdBRZJ4AaABAg,Positif,0.85
Ugxr7R-msJkAaY_6Rop4AaABAg,Negatif,0.7
Ugz7wh0o6xB4fm3aWy14AaABAg,Positif,0.8
UgyCNqJTZQf2MZXl08R4AaABAg,Positif,0.9
UgwJW07cmsWjcdA4Ck94AaABAg,Positif,0.85
UgxzUFFleph5_iYdHtl4AaABAg,Positif,0.8
UgxBIQdA40TL1DAwYhJ4AaABAg,Positif,0.88
UgzK-1gOrr-T2fAsZph4AaABAg,Positif,0.85
UgxF8Q79ZlbSig_jb_d4AaABAg,Positif,0.8
UgyJFcRHPz-pCTJGdiB4AaABAg,Positif,0.8
UgxiNCLS67dIts5o9eZ4AaABAg,Positif,0.8
UgzRCkvDIMS2_mzxn8J4AaABAg,Negatif,0.8
UgyCF_tBJNWT-fnF6Cx4AaABAg,Positif,0.85
UgzowBoblud--XBwv2Z4AaABAg,Positif,0.9
UgzRDYHGOoEk8_y5UAV4AaABAg,Negatif,0.8
UgyFaWqY05gnNeyY0g94AaABAg,Positif,0.8
UgzKqktba_gNMSef1Ix4AaABAg,Positif,0.9
Ugy5mb7ZBjfwLEN_9UJ4AaABAg,Negatif,0.7
Ugwbk0FDN7br3lxq2wl4AaABAg,Positif,0.85
Ugz-EoEK6185o3HQMlZ4AaABAg,Positif,0.8
UgxtfELr9Y2rX_xSG6R4AaABAg,Positif,0.85
UgziWABl7UbiuXKkVxp4AaABAg,Negatif,0.75
UgzURvULGMDuSrKFwo94AaABAg,Positif,0.95
Ugytqj-L6-fQ_w4ElhJ4AaABAg,Positif,0.85
UgxeJkYYCmGTjn2sWm94AaABAg,Positif,0.85
UgxYZw6hT-WC5wEWLaN4AaABAg,Negatif,0.8
UgwXMldinZ8o63L82Lt4AaABAg,Positif,0.85
UgwbVVdIQZr7hONMmjV4AaABAg,Positif,0.8
UgweghkrHyGAQLgG9u14AaABAg,Positif,0.8
Ugx8drdTADlGAlagZt14AaABAg,Positif,0.8
UgwojUlrhUY8jkAXjuZ4AaABAg,Positif,0.85
UgwhJbMoLicMQiyjA_F4AaABAg,Negatif,0.8
UgxVAMcIEibVRqznrjp4AaABAg,Positif,0.8
UgyyKJFCnCCVnyJZhtF4AaABAg,Positif,0.95
UgwKTJ3QCTzfMNicayZ4AaABAg,Positif,0.8
Ugxd1X7QJI0PC7zNTtl4AaABAg,Positif,0.85
UgyzPJ6PzUWkxeuOQhZ4AaABAg,Positif,0.8
UgwJ0beBiItmAX61afB4AaABAg,Positif,0.85
Ugzcj-Fl7oDiCczvVnl4AaABAg,Positif,0.85
Ugxi3nZBHG0FwILlcIh4AaABAg,Positif,0.9
UgzUGote4WQaaZZSk4d4AaABAg,Positif,0.8
Ugy10J84FpZIKW33EC14AaABAg,Positif,0.85
Ugz8NKsUD1ZUpI1419l4AaABAg,Positif,0.8
UgzkiEEPVgau-tKocH94AaABAg,Negatif,0.85
UgyyCiN8JiBf2ebDXqh4AaABAg,Negatif,0.75
Ugyx-d20__BO17dhxat4AaABAg,Positif,0.8
UgxMlmHgRs9mjYsWrax4AaABAg,Positif,0.8
UgxpWEE5rvHuvV2RRMJ4AaABAg,Positif,0.85
UgyxAUwSQXoR0J5_JLN4AaABAg,Positif,0.85
UgymRwGXU4LDtTFrktR4AaABAg,Positif,0.9
UgzTl0uoSHNTd_tbbeB4AaABAg,Positif,0.8
UgwFn185GeRvSRWkJoF4AaABAg,Negatif,0.78
UgxEfIwze8kp3_1Wnup4AaABAg,Negatif,0.75
UgybuKsiBmYnNX5lASZ4AaABAg,Positif,0.85
UgyJhFT4SpbNg-DmIEV4AaABAg,Positif,0.95
Ugye_Wcv5TXZfNlbkXh4AaABAg,Negatif,0.8
Ugyamy-bo3glFdvuhzl4AaABAg,Positif,0.85
UgyFT3jXNTnmHwo-GAt4AaABAg,Negatif,0.78
Ugyc_c4jDa339ZQ2lQN4AaABAg,Positif,0.8
UgxONhVnxHGN3gwDuoN4AaABAg,Positif,0.85
UgySTG2Qf23txo4urX14AaABAg,Negatif,0.75
UgyzR7ljHC38gGzf6at4AaABAg,Negatif,0.85
UgzK7qWv452c7FxpLz14AaABAg,Negatif,0.75
Ugx5dXTMXKIov454WdF4AaABAg,Positif,0.8
Ugw0NsyChhuScv8qAwB4AaABAg,Positif,0.9
Ugza3XNTNyVmVCZWKHp4AaABAg,Positif,0.8
UgzGmpII1NRXAqYbHkB4AaABAg,Negatif,0.75
UgzDXArcUkkrmqI6Syl4AaABAg,Positif,0.85
Ugx0MxyIs1mJON9xBLZ4AaABAg,Positif,0.8
UgzorcOzjAtG6shVUXt4AaABAg,Positif,0.82
UgxahXwXvn8RXZi9RI54AaABAg,Negatif,0.75
UgyjB285MuwQuibkqqR4AaABAg,Negatif,0.8
UgyrGvxiY5aen1KfM2h4AaABAg,Positif,0.8
UgxOfrBAkydbLrtopg54AaABAg,Positif,0.82
UgwSJkJGTGCVB0iT13R4AaABAg,Negatif,0.7
UgyV2-VhnfrZyzGEBgx4AaABAg,Positif,0.9
Ugz3yPp0mqbBNeqg7xt4AaABAg,Positif,0.95
Ugw-Z9UfItwLrgqCnSB4AaABAg,Positif,0.85
UgxuKsq8MXLKhReofnJ4AaABAg,Negatif,0.85
Ugw4Qx6eWGvxta6xV6V4AaABAg,Positif,0.85
UgyOz3W3YPjSjrwJiy54AaABAg,Positif,0.85
Ugwfjo0K9Q2TLPjX5PJ4AaABAg,Positif,0.8
Ugyn3boSWrB0zjxiN754AaABAg,Positif,0.85
UgzwfMWPLKVIscXFCw14AaABAg,Negatif,0.75
UgyX4VknekJNceKNz4p4AaABAg,Positif,0.82
UgyHQd1UvcxlK0BvheB4AaABAg,Positif,0.85
Ugw7ewaD_262VlsZLoZ4AaABAg,Positif,0.9
UgzPQ-uU3OVGhX5EJZd4AaABAg,Positif,0.8
UgzN-OvhPZN-IDgDswZ4AaABAg,Negatif,0.8
UgySjsmSGbI4YppILX54AaABAg,Positif,0.8
UgxD0HIE4F5DTk8rGjV4AaABAg,Positif,0.8
Ugy5NsZLMTmrv3niSAt4AaABAg,Positif,0.88
UgzA0uBCVf5dhrLnYLB4AaABAg,Negatif,0.7
UgwR-KZk-8kl07UDyWZ4AaABAg,Negatif,0.85
UgwRemDjE6mE4vmvjrt4AaABAg,Negatif,0.8
Ugx5VCN7SpyRHRz4xEN4AaABAg,Positif,0.9
UgwO9Rs2kETs0lMjwTV4AaABAg,Positif,0.8
UgycXhvqlLMRHi198554AaABAg,Positif,0.98
Ugxy7sxmdGmlplLBYk14AaABAg,Positif,0.8
UgzxZpeMYwHQInHCtSB4AaABAg,Positif,0.85
Ugx2ibc3QG__PcbL6Bl4AaABAg,Positif,0.8
UgzPbXJfHgytbz_FmMN4AaABAg,Positif,0.8
UgzGT31pNF0NPhDsTCZ4AaABAg,Negatif,0.75
Ugx1doefM5xAZkV5-tR4AaABAg,Negatif,0.8
UgzUL1Zo4qZINT9jsTt4AaABAg,Negatif,0.7
Ugx-4bcdKAIBFe9djTZ4AaABAg,Positif,0.8
UgyZUY_071Y9EIH5gqx4AaABAg,Negatif,0.75
UgysZkPgrQ-9kvFg8PJ4AaABAg,Negatif,0.88
UgxvKllBXu1OKU4zquN4AaABAg,Negatif,0.82
UgzV3cMQ1Qjsv5cxmjp4AaABAg,Negatif,0.8
Ugy9L1nDPcbAmBDTByJ4AaABAg,Negatif,0.8
UgycSv6wcR9u5-hk8vx4AaABAg,Positif,0.8
UgwricacVSlu7jeNZPN4AaABAg,Negatif,0.75
UgxnXJqGzHNx40CNxZ14AaABAg,Positif,0.8
UgwuusfIL3qYrJpI3op4AaABAg,Negatif,0.8
Ugy3RuudH97zJSeiwJx4AaABAg,Positif,0.8
UgydfU7b8kntAL70kZ54AaABAg,Negatif,0.75
Ugw5SgzL0L386Q-7_mt4AaABAg,Positif,0.85
UgwPLICEjbi9Xp1lgk54AaABAg,Positif,0.85
UgxUslOY43IPM9rpFs14AaABAg,Positif,0.85
UgxDIdshVH6Rk9UuuEF4AaABAg,Positif,0.85
UgzcTiCJA4oa0Rb1mYB4AaABAg,Positif,0.8
Ugyy8cEtDfNzcnZyfhZ4AaABAg,Negatif,0.8
UgwT63-TqOKe2IBTY3J4AaABAg,Positif,0.85
Ugx4FBhvvBgKI8IQROF4AaABAg,Negatif,0.75
UgyHcljmv4ElEpMe9rh4AaABAg,Positif,0.9
UgwaACkV3j2qzffKijN4AaABAg,Negatif,0.8
Ugy8YTSxtMsufjA9p9B4AaABAg,Negatif,0.85
UgyL9ci-UF1a7_E4wH54AaABAg,Positif,0.85
Ugw1s_Ad5Zn6PYj3ncx4AaABAg,Positif,0.8
UgxCYJY4bqP9XBGagSB4AaABAg,Negatif,0.85
UgzGWiGUS1ir678JB3N4AaABAg,Positif,0.9
UgxI3i6luEL-0vaOhuN4AaABAg,Negatif,0.8
Ugy0Vd61-ny9WEtknzB4AaABAg,Negatif,0.75
Ugz0KoZ0XmuujEqESQZ4AaABAg,Negatif,0.88
UgyxQpBmXjZRB7EkYU54AaABAg,Positif,0.85
Ugyc34FqkKXXMY7HENN4AaABAg,Negatif,0.75
Ugx3seMnFuycn3uSIPx4AaABAg,Positif,0.88
UgyQznTchgaduDX3_z14AaABAg,Positif,0.8
UgyBb8FUwm5Q03_ELy94AaABAg,Negatif,0.75
Ugz2GlnTXfK_Qwqso1R4AaABAg,Positif,0.85
UgwmBfUMBhzl9fXyThd4AaABAg,Positif,0.95
UgxdUJ8DUxqMwNB1eLt4AaABAg,Negatif,0.75
UgyzjtcosNsTKLOfXE94AaABAg,Negatif,0.75
UgyeBCr4OmaLWHu4cYp4AaABAg,Negatif,0.75
UgwBoP9jaasM5UCEj2Z4AaABAg,Positif,0.8
UgyKH_zq7P7D4Y0ZLAN4AaABAg,Negatif,0.8
Ugwee77uTtENPdEtiGJ4AaABAg,Positif,0.8
UgziJwJKOFBGzjKaZcN4AaABAg,Positif,0.88
Ugz1iy1BfcTvcVFO4fV4AaABAg,Positif,0.9
UgzWFip9IA-JDYx7CGR4AaABAg,Positif,0.85
Ugx5EhlMkJqUGBqAxwF4AaABAg,Positif,0.85
UgyIRxuYZ8Oe_hQo6ZZ4AaABAg,Positif,0.8
UgwDYLp-0nCJCW2Sy5R4AaABAg,Positif,0.8
UgzVgsP1FskwqbOEHzN4AaABAg,Positif,0.85
Ugzodv4j85Y1EbCJIeZ4AaABAg,Negatif,0.85
UgxLIZ42vdH2OTpSh3F4AaABAg,Positif,0.85
UgwT3OGYY1t6J5N2QQR4AaABAg,Positif,0.8
UgzVzQUr3DjJDQcbCk54AaABAg,Positif,0.9
UgzA9l0rXMzlq8uTgf54AaABAg,Positif,0.8
UgxyzwhBd2uKzelTEyh4AaABAg,Negatif,0.75
UgxC6j4i5fQxHc--_pF4AaABAg,Positif,0.8
UgwOSzToEyP2fNVUIxx4AaABAg,Positif,0.85
UgzHhJSr-m7TY1OtYr54AaABAg,Positif,0.8
UgyDMirwRVKGN_pvc0p4AaABAg,Positif,0.85
Ugw1oLRSjZHgCaLpheB4AaABAg,Positif,0.8
UgyXw-XERpnAKCWr2z94AaABAg,Negatif,0.8
Ugz-oCME8BsNi5YD4ed4AaABAg,Positif,0.85
UgwqrDKwnJx3yeSe4dN4AaABAg,Positif,0.82
UgyegO-yOiA0rxHgN794AaABAg,Positif,0.85
UgxbEkN5KD7mh6nicWh4AaABAg,Negatif,0.8
Ugy1o_5Hr54HCIxTAa14AaABAg,Positif,0.85
UgzWmb-rfq_OjYgDYf94AaABAg,Positif,0.85
UgzBg96k5xQY8rCGjoB4AaABAg,Positif,0.85
UgwwYBCyEN2oMZjom254AaABAg,Negatif,0.75
UgzS7XCsFLkPGHTzPoZ4AaABAg,Negatif,0.7
UgwrEQFRt4PIpGgL3cl4AaABAg,Positif,0.8
UgzZvy1Vsr525f4uVZ54AaABAg,Positif,0.85
UgyFUkWvUerJYYJRBgN4AaABAg,Positif,0.85
UgwKkIOlOPEnldo3cJ14AaABAg,Positif,0.92
Ugz-d4Jyl9wk4ekS9s14AaABAg,Negatif,0.75
Ugw1EqoBzCc2YOQEHst4AaABAg,Positif,0.92
UgxjNbT6oA7NPyDg-WB4AaABAg,Negatif,0.7
UgwJRz4JLrn5po1irtd4AaABAg,Positif,0.85
UgzVMnjP2tRhyTBBS154AaABAg,Positif,0.88
Ugy9CxmHqnp8zoOEtmJ4AaABAg,Positif,0.85
UgxgNBvjPp4S_mJ67dp4AaABAg,Positif,0.8
UgwBwp6vxWFswXQV_pl4AaABAg,Negatif,0.8
UgxDFiR3JzQ5ga25NYp4AaABAg,Positif,0.85
Ugxl_Dv2azUkhJte7ON4AaABAg,Positif,0.95
UgysQohIKRp1Wgibc2V4AaABAg,Negatif,0.8
Ugyit18AK0D2Stcsy714AaABAg,Positif,0.87
UgwqZ_9jrJkU4DndPbJ4AaABAg,Positif,0.85
Ugz7OslvTQ4tjXEWYyN4AaABAg,Positif,0.85
UgzYepUcHBJYfcLKhIp4AaABAg,Positif,0.9
UgwNusc1WU5H2OsAHFl4AaABAg,Positif,0.85
UgyJLLe2AZ9RLChMFG54AaABAg,Positif,0.9
UgxmVyliLbiZFtHnaAJ4AaABAg,Positif,0.8
UgwCmFjajp-1ik9eEcR4AaABAg,Positif,0.8
Ugwh_g1kjam27zBIqpl4AaABAg,Positif,0.88
UgxzHoV9aeHlWGjb0NF4AaABAg,Positif,0.8
Ugxt_ICXGCyaAO5jded4AaABAg,Positif,0.85
UgyB4EOk1CtwjtEKjWl4AaABAg,Negatif,0.8
UgyWQBAgKhQWc8JmefN4AaABAg,Positif,0.85
UgzPbsD8oGZ3QhN3sIB4AaABAg,Negatif,0.85
UgymUZIRIm-md3rjbCV4AaABAg,Positif,0.85
UgxtOKH3B70HfH9zIlZ4AaABAg,Negatif,0.75
UgwqaVYKqHiqoqXSM_h4AaABAg,Negatif,0.7
Ugx0l0Y7ip1MJCgBYA94AaABAg,Negatif,0.8
Ugze_Gj1lGkG_pWNgw94AaABAg,Positif,0.88
Ugz8VPB1xXjC8rNVaBJ4AaABAg,Positif,0.85
Ugz1QQblYCl3tJFeCMV4AaABAg,Positif,0.8
Ugw_MGhfMb5T0Rd6xMt4AaABAg,Positif,0.8
UgxD5g-G6djF9JB61OV4AaABAg,Negatif,0.85
UgzOUWz9QFk9FnvNEJt4AaABAg,Positif,0.85
Ugzhkz4VSqgVUPBSsfx4AaABAg,Positif,0.85
UgwGJLv5uN3PRJ0j5uV4AaABAg,Positif,0.8
UgxjUdgDpZBox1fgzHp4AaABAg,Positif,0.88
Ugw93BKN_2H1SPRQx2J4AaABAg,Negatif,0.85
UgxM1-Q7yHDFclGGa-N4AaABAg,Negatif,0.75
UgypCItZi3x12HDT1Q14AaABAg,Positif,0.85
Ugwuy-5VaWKFNLMWpuJ4AaABAg,Negatif,0.75
Ugy7bIb__vfhOT507NV4AaABAg,Positif,0.85
UgzgBrddkDZR6uEnFnZ4AaABAg,Positif,0.88
UgzGX27B2AWx-57JUSd4AaABAg,Positif,0.85
UgxDBFHvEtMw3huQLhN4AaABAg,Positif,0.9
UgzF6SqFAR2ooXeOlEZ4AaABAg,Positif,0.88
Ugyo0qfWxzXBBp8pMqp4AaABAg,Positif,0.8
UgzhTI-KBCDNutFMUoZ4AaABAg,Negatif,0.75
Ugwkk4IQK31uqxPfktt4AaABAg,Positif,0.8
UgxyZFCOzaFDNd3TREF4AaABAg,Positif,0.85
Ugz7Y5S0Nt7KpFkheSV4AaABAg,Negatif,0.75
UgxLKZ54-qO5yKAwZt14AaABAg,Negatif,0.8
UgykzxulTW1T_KVIoG54AaABAg,Positif,0.82
Ugwj9w72BsybLw1whUZ4AaABAg,Negatif,0.7
UgwWASOvpeX6HJ22H1Z4AaABAg,Positif,0.8
UgwzQheyWoWqB7K69qx4AaABAg,Positif,0.85
UgzUoPL3mXgVfnoV1s54AaABAg,Positif,0.9
UgzPRwDvkAVerTJ8gO14AaABAg,Negatif,0.68
Ugw4SIWNLg5XbKPJPvB4AaABAg,Negatif,0.8
UgzBr6r0NV0nK8_Xt3d4AaABAg,Positif,0.85
Ugy9AxUCtON32v4fGlB4AaABAg,Negatif,0.7
UgzrauqbvSWzTEZRMKN4AaABAg,Negatif,0.8
UgwusZic1sIg6QgAp3p4AaABAg,Positif,0.8
UgwsKvoeybimeYOSMfl4AaABAg,Positif,0.8
UgzmtF9CfNzVdYNXm9Z4AaABAg,Negatif,0.8
Ugwoir00MJeBDniAEr54AaABAg,Positif,0.8
UgwhBjApQ2hp-2568sJ4AaABAg,Positif,0.8
UgxgXrIS-UdbSV-oKKx4AaABAg,Negatif,0.7
Ugzn6baclZlANHUFql14AaABAg,Negatif,0.7
Ugz3ijUJRYwUPnHs3lt4AaABAg,Negatif,0.75
UgwNTY8CP7Ao8YKoPHx4AaABAg,Positif,0.85
UgxhXa2xhni8KvswdIZ4AaABAg,Positif,0.88
UgxbXSd1eFJ_1-e6zdB4AaABAg,Positif,0.85
UgwmWI09bNdn1LE9Dhx4AaABAg,Positif,0.8
UgwIH9JVqtna4ivTyDB4AaABAg,Positif,0.8
UgwCMNTlQLHMmawfL114AaABAg,Positif,0.8
UgxW2tuzoJkDW2cVSVx4AaABAg,Positif,0.85
UgwO9AYGgMYhQOd56Rt4AaABAg,Negatif,0.8
Ugz-6lJGQfk2E9WQmzJ4AaABAg,Positif,0.85
UgwTOfeQQ1Z1ZgT8xyF4AaABAg,Negatif,0.8
UgzZSTbVrETF4TDqcI14AaABAg,Positif,0.92
UgxvxPcWlf2V0J5ZSU14AaABAg,Positif,0.85
UgwTgldeihYBSnk0uUt4AaABAg,Positif,0.8
UgxF2SY_Tv2JXOwlqzR4AaABAg,Negatif,0.8
UgypPUSjlXYOkSqDkaN4AaABAg,Positif,0.8
UgzWcfA_5SoSNUC9qpx4AaABAg,Negatif,0.8
Ugz4_1Du_nyApN4BzGl4AaABAg,Positif,0.85
Ugyf_cNmQNNNO8akLPh4AaABAg,Positif,0.9
UgwJo1wohP1TJ5Ayb814AaABAg,Positif,0.8
Ugxki192558Lz0RP0-54AaABAg,Negatif,0.85
UgyKVIbxgwOZcfP9JuF4AaABAg,Negatif,0.8
UgyNHTMMTZ6IJFmRtM94AaABAg,Positif,0.8
Ugzf0g1sb9djn2bgKRt4AaABAg,Positif,0.9
Ugy68lV8mf9LWLPPKuB4AaABAg,Negatif,0.8
UgxFBKyvMJeD2UILTfh4AaABAg,Positif,0.85
Ugzc23vv7fI1J81cKzZ4AaABAg,Negatif,0.8
Ugz8H2KQOMD1gIHRUgx4AaABAg,Negatif,0.75
UgyQ0qlWrNxEONrBqq54AaABAg,Positif,0.85
UgyEol1U7lDCfdKHGSF4AaABAg,Positif,0.8
UgzfgRhXNrBMryC0cJF4AaABAg,Positif,0.85
UgySL-bmJUezaSi8jWN4AaABAg,Positif,0.9
UgxUzh3q-XRd-q4T8Z54AaABAg,Positif,0.85
UgwvhHqGGLkZVmKCdBp4AaABAg,Positif,0.88
Ugz-3Gs8g8-nEsxpFFB4AaABAg,Positif,0.8
Ugx15zXQpx1ThDB4VhF4AaABAg,Positif,0.85
UgwyEizHt5r3pDTdWL14AaABAg,Positif,0.8
UgzxVCLdSCRe4_OwOMx4AaABAg,Positif,0.85
UgxNyEWfuQjM2ZcdwWp4AaABAg,Positif,0.82
UgyHtz7qd6pag_Spyux4AaABAg,Positif,0.85
UgyU_Va1OAWXvoQB2QF4AaABAg,Positif,0.85
UgzSwaMo3BoTs3Y1yDd4AaABAg,Positif,0.9
UgweuhoiXO2xIqfAe2p4AaABAg,Positif,0.82
UgxTYX78sNVdkWgCPTx4AaABAg,Negatif,0.75
UgzTRQQEhh7oIlINkqJ4AaABAg,Positif,0.9
Ugz2jRRiycMzACTi02V4AaABAg,Negatif,0.8
UgwUJYxOYGM7qUOBYHl4AaABAg,Negatif,0.75
UgwoDqrCNNuYkrKGiuB4AaABAg,Positif,0.8
UgyPlFEEKyoO2w6DG1h4AaABAg,Negatif,0.8
UgwoQlbwjQbBM32N0Tl4AaABAg,Positif,0.95
Ugz3c5L1dUzZB3VaI8l4AaABAg,Positif,0.8
UgwH7wHjf2xVJDeWdOt4AaABAg,Positif,0.85
UgyD0T1Yxg2rkXVEGoB4AaABAg,Negatif,0.75
UgwKhm5RxFEt7EmQ2wF4AaABAg,Positif,0.85
UgzYGvOXPgEjqyHcTb54AaABAg,Positif,0.8
Ugyoc0zS-te1n5llOr14AaABAg,Positif,0.8
Ugy2buqnoHnTMBYmFU94AaABAg,Positif,0.85
UgyN7ugzJsmZilFiGjd4AaABAg,Negatif,0.85
Ugy4XGPiR4l0Uwdh1SJ4AaABAg,Positif,0.85
Ugx8JKClkUNLU_pyc7N4AaABAg,Positif,0.85
UgzPI6Zrbhu2SFlPgQx4AaABAg,Positif,0.8
Ugzhb_L8OxpN_fumxY94AaABAg,Positif,0.95
UgzYtQ7wIl2c1xIgmUx4AaABAg,Positif,0.9
UgwQE5r75cKB_T-37A14AaABAg,Positif,0.8
UgyLbYncDwVfJqfL7L54AaABAg,Positif,0.85
UgwLU-DX9O1rQSSRkhV4AaABAg,Negatif,0.75
UgxMynGJClRpLUXGKql4AaABAg,Positif,0.85
UgzU5i3Kdf1Fg4VWr2F4AaABAg,Positif,0.85
UgxB3YFyJil-HLlDy3F4AaABAg,Positif,0.85
UgzNS0TGRjAxCfHanER4AaABAg,Positif,0.95
Ugx1W8b6GjUSXNRYm6d4AaABAg,Negatif,0.75
UgzF_homipTD8mkDpk94AaABAg,Positif,0.9
UgyAhZkHC9eclYbyVDl4AaABAg,Positif,0.8
UgwqQrKsOzLWTFjjBdd4AaABAg,Negatif,0.85
Ugwl22IfClEjGd3Zztd4AaABAg,Positif,0.85
Ugyz_07COl43luQu3xd4AaABAg,Positif,0.85
Ugz42ibtiXS-tIy0VqV4AaABAg,Positif,0.8
UgzRPw7WPZvevGScoEl4AaABAg,Negatif,0.75
Ugxvwa650xkA4JYCKuN4AaABAg,Negatif,0.75
UgzVHGTT9dEg3i95R3J4AaABAg,Positif,0.8
UgwDuxxJkll2g6bDwqx4AaABAg,Positif,0.85
Ugz__ktRIzLcGer3D3h4AaABAg,Negatif,0.7
UgzzV7EuFXLw14f4pF54AaABAg,Negatif,0.8
UgymcI-PoxZnzYR7j4V4AaABAg,Negatif,0.75
Ugyth93zpWoj6HjV6sF4AaABAg,Positif,0.8
Ugx36wuftB5qH00rRS54AaABAg,Negatif,0.85
UgxkfemW6xHTmdoMJVt4AaABAg,Positif,0.82
UgzBLp-voUGOgDtVNGB4AaABAg,Negatif,0.75
UgwhVz6Ep1x3mj5whsR4AaABAg,Positif,0.8
Ugwy6cMP3vlbxC-WDhp4AaABAg,Negatif,0.7
Ugy2iCMMwwyPTtWfZTR4AaABAg,Positif,0.85
Ugyo8H-YkgLSrvZxekx4AaABAg,Positif,0.85
UgxqrJTjnlQsg_NtVqR4AaABAg,Positif,0.8
UgyVMdOs4PJ_reVedrl4AaABAg,Positif,0.8
UgxWrVQ6MN2yJgWeJJ54AaABAg,Positif,0.85
Ugyxv4JG72xWHoyyNlF4AaABAg,Positif,0.85
UgxPv150ebMVkdArAXt4AaABAg,Positif,0.8
UgwO2lQ4lv1UZtbLwwR4AaABAg,Positif,0.9
Ugz2rhxCCodwjjH626d4AaABAg,Negatif,0.75
Ugwl372-z4fCxbN-6594AaABAg,Negatif,0.68
UgySYzHjNOK9xjBLvY14AaABAg,Negatif,0.8
UgyaXe6VFUgdUw7rY754AaABAg,Negatif,0.8
Ugz2FRn1YR2J5yRQjZl4AaABAg,Positif,0.8
Ugz4wrtn909d5qOfSYl4AaABAg,Positif,0.8
UgyJNRkDABpQ8aHaLEN4AaABAg,Positif,0.8
UgxoGKLw4jkirMx4fHd4AaABAg,Positif,0.8
Ugy98PpLFwDz72xxFsZ4AaABAg,Negatif,0.78
Ugy8YyKb2rM9Zo2ktw54AaABAg,Positif,0.85
Ugww9jOJv71cycoo6oJ4AaABAg,Negatif,0.75
Ugwytyvhe46fGOF1xzN4AaABAg,Negatif,0.75
UgzliKafbzX9Vrdcsel4AaABAg,Negatif,0.75
Ugzsh8DRi10UyILo10t4AaABAg,Positif,0.95
UgybyfRXGkXRHwa68tx4AaABAg,Negatif,0.75
UgxyuGDefRE0qzd1wFV4AaABAg,Negatif,0.8
UgzaxOiO6RtUvcp_U6N4AaABAg,Negatif,0.7
Ugzi78ARLYX8CL7ausl4AaABAg,Negatif,0.75
Ugw0j6iZaU0czyRsRvx4AaABAg,Positif,0.8
Ugw9ZSgr7uMASu67WHh4AaABAg,Negatif,0.75
UgxHlDEMTitZ3WpWdOZ4AaABAg,Positif,0.85
Ugy_slB9lKYrpB5Br8h4AaABAg,Negatif,0.8
UgxeZuz1HyWZo-GwECp4AaABAg,Positif,0.8
Ugz9TH2gTIWPcg-S-yh4AaABAg,Positif,0.85
UgzNiAogoNOYCPFtSmB4AaABAg,Negatif,0.75
UgzpyQSAVlwptbwf-pN4AaABAg,Positif,0.85
Ugy-ArH8IetpXzUtjQp4AaABAg,Positif,0.85
UgyDonGB05Nxm1YJK8B4AaABAg,Negatif,0.85
UgxqlcsURV10IdhpBeh4AaABAg,Positif,0.95
Ugx9WYQPjJyxIl8pYuJ4AaABAg,Negatif,0.82
UgwUxbGD9OSmjno0qxR4AaABAg,Positif,0.8
UgyqmoiZOh798qTKwhB4AaABAg,Negatif,0.75
UgwRAExrtmrqv2Bb2eZ4AaABAg,Positif,0.95
Ugx4C_TKxC-2n6vzTmV4AaABAg,Negatif,0.75
Ugw_SBCiO_uzVFbOKsN4AaABAg,Negatif,0.8
Ugz63ieciPcBFnBG0RV4AaABAg,Positif,0.9
UgyzZyxR1QjwwuodMrt4AaABAg,Positif,0.85
UgzR7llNepj616_ibpl4AaABAg,Positif,0.8
UgzmF00G64epk3u4qGx4AaABAg,Negatif,0.8
UgycwNvPBJcdsSE6duR4AaABAg,Positif,0.85
UgzyOkIY33g6xommkxx4AaABAg,Negatif,0.8
UgzhUdBICUYd-cLAjd94AaABAg,Positif,0.9
UgzlaTzvF_Nq4BaLGrZ4AaABAg,Negatif,0.75
Ugy2qUunTbx5FaP2ocR4AaABAg,Positif,0.8
UgwWiGc-9OIVo2B65yF4AaABAg,Positif,0.8
UgyLgDsWr73cwzG9YfF4AaABAg,Negatif,0.75
UgzJvK5vpDcAEwrqDDB4AaABAg,Positif,0.85
Ugy00SVfYQ08N09lAPh4AaABAg,Negatif,0.8
UgyXNV1RBKTKVw9JsC14AaABAg,Negatif,0.75
Ugy_k4Xa0JFHyTPuvH54AaABAg,Positif,0.85
Ugzh6BvDaifjGMXFMCF4AaABAg,Positif,0.85
UgwRDO_TrUMI8wk2h8t4AaABAg,Positif,0.85
Ugzntb52H6D3MTZ-j6p4AaABAg,Negatif,0.7
Ugzoh8z7CgnAIPPrX254AaABAg,Negatif,0.85
UgwLszvb8PYjWf4_Rft4AaABAg,Positif,0.82
UgzljIWfBXm2dEOHnVR4AaABAg,Negatif,0.85
UgyYFxXcdq0AUxJyyfJ4AaABAg,Positif,0.85
Ugw4iKtiDGWlIM1Nia94AaABAg,Positif,0.85
Ugx2zeWS8Y3KqMtDDol4AaABAg,Negatif,0.8
UgzJgG1Iprj5wAerNTZ4AaABAg,Negatif,0.85
Ugxr4H-P2UnQWdxMWOR4AaABAg,Positif,0.8
Ugy4eKKrVetJt5d40xh4AaABAg,Negatif,0.7
Ugzywe053SiP5NLQncZ4AaABAg,Positif,0.82
UgzsONxpWZDt7sip16x4AaABAg,Positif,0.9
UgyBaShhaB7XsE3Dxfl4AaABAg,Negatif,0.8
UgyOf9xyt5_8pJHLJ9d4AaABAg,Positif,0.82
Ugxu-I4r-7e0igLcPd54AaABAg,Positif,0.85
UgzRYjctR-dZw12K1Yx4AaABAg,Positif,0.85
UgyrkD9XoLlabTZR1194AaABAg,Positif,0.85
Ugz8dVfbPzoR_Idik8x4AaABAg,Positif,0.95
UgzqlKUhCsiCyOBsaF54AaABAg,Negatif,0.7
UgyDxkK1kkeMGKL3ZEV4AaABAg,Negatif,0.7
UgxECnirOjXyUj6cUox4AaABAg,Positif,0.85
Ugzt0L057mJ_c3PPS-N4AaABAg,Negatif,0.85
UgwESAfWXzdGM0F72Xx4AaABAg,Positif,0.85
UgyFq2BaJKELTPyx8Vp4AaABAg,Negatif,0.75
UgwKcnlb6DE1xD2Syz94AaABAg,Positif,0.8
UgylkEbvqLIjgfKeQap4AaABAg,Positif,0.85
UgxzLFu5bAAJe89gLTV4AaABAg,Negatif,0.8
UgxTQH-Qk5uXV8ypMjR4AaABAg,Negatif,0.7
Ugw_Teka44XqTlAFbDR4AaABAg,Negatif,0.82
Ugy_IutRzf4DFOPj2z54AaABAg,Positif,0.85
UgyWctPCAO2Ci-eM8Tt4AaABAg,Positif,0.85
UgzO7TqrCdA_0XMV1L94AaABAg,Negatif,0.8
UgxtUji_iWkEdX3WKPJ4AaABAg,Positif,0.9
UgyYF9u91c0fJnPX7Y54AaABAg,Positif,0.9
UgyvbXZ1UkdKwlq6CLp4AaABAg,Negatif,0.7
UgzP24xE2rkAUcg5ao54AaABAg,Positif,0.87
UgyzpAcO_DwQJtKYxDR4AaABAg,Negatif,0.8
UgyQkF-UnvF1S4jnqnF4AaABAg,Positif,0.9
Ugziuid466v_vTArVs54AaABAg,Negatif,0.75
UgxRnxO0n3niYNgLrpt4AaABAg,Negatif,0.7
Ugy5DafWc4-m5BPwNRp4AaABAg,Positif,0.8
Ugzav-yN4ZtR-w67fSl4AaABAg,Negatif,0.75
UgxzimE2bkNSA_gTfUF4AaABAg,Positif,0.8
UgxgfeflxRFscEFegih4AaABAg,Negatif,0.75
Ugxlk0ts2nAN3IavdoJ4AaABAg,Positif,0.8
Ugy4gIUeCSSD_wTxyoZ4AaABAg,Positif,0.8
UgzXZhrJWbIegrWcDHd4AaABAg,Positif,0.85
Ugx6twioEs30v0HhnaB4AaABAg,Positif,0.85
UgyN1DAXK4x5jpwiDXV4AaABAg,Negatif,0.85
UgxmsyKowM3aBT-viFl4AaABAg,Positif,0.9
UgzDCdolnL5r5ogEPnR4AaABAg,Positif,0.85
UgxhkUtSvUhaMWPhn-x4AaABAg,Positif,0.8
Ugzi9olgLO_k4-ReE_p4AaABAg,Negatif,0.75
Ugww5iPUW_KXriOC8id4AaABAg,Positif,0.8
UgwbOSwhyNtxZhLmP3R4AaABAg,Positif,0.8
Ugwvs1UaQhmRPoJ77r94AaABAg,Negatif,0.8
UgxcplFmOk2-JEs3GGZ4AaABAg,Negatif,0.75
UgxyoypnF5GCSsSpJpB4AaABAg,Negatif,0.75
Ugz2gVzXK2RseN9A-7F4AaABAg,Positif,0.8
UgzH42e1RVebZTgy-Lx4AaABAg,Positif,0.85
Ugz7n3bpNEMU-OYT8it4AaABAg,Positif,0.9
UgxJ1pe6Eu-8l47vyV54AaABAg,Positif,0.95
UgzPKltlnEF8Cld50EV4AaABAg,Positif,0.85
UgyyoCHvKa1FyHZRXfB4AaABAg,Positif,0.88
Ugyl3JYKZJWGgzCwSHh4AaABAg,Negatif,0.8
UgxMF99WpWf80lUp-oN4AaABAg,Positif,0.8
UgwCvEApGlGKicqLLa54AaABAg,Negatif,0.7
UgxoDFSv-rujpIrBeYZ4AaABAg,Negatif,0.65
Ugw6vulaq94rPRS-yQ14AaABAg,Positif,0.9
Ugyd-nsX3NlvkOM6jTp4AaABAg,Negatif,0.8
UgwnCqpMoraAzASzdxZ4AaABAg,Positif,0.85
Ugw8XfOgv0s5p2Wohx14AaABAg,Positif,0.8
Ugx2EoLXbHd0Rhd6fJN4AaABAg,Negatif,0.85
UgyMS4KFzcT7SzIBzkJ4AaABAg,Positif,0.8
UgzDTLSCxK6ICpGbxG54AaABAg,Positif,0.8
UgwLrjPF27eWo_6dOsl4AaABAg,Positif,0.85
Ugw-SpHY133lU03_BFZ4AaABAg,Negatif,0.75
UgyzvUYh6GuPSFXi2fd4AaABAg,Positif,0.85
UgzwoNSUSj2006nDARV4AaABAg,Negatif,0.75
UgyO7npu_6zaj2T0Dcl4AaABAg,Negatif,0.85
UgyKUTID67YfJILDMc54AaABAg,Positif,0.85
Ugw3UR9gdy66iH_4la94AaABAg,Negatif,0.7
UgyggzaMWVbIA5U7in14AaABAg,Positif,0.8
UgxTEkyrupHbpL6GvwF4AaABAg,Positif,0.8
Ugz6IaOkb-zYugLzCeB4AaABAg,Negatif,0.7
Ugy1uuoxkkp0Qefhsax4AaABAg,Positif,0.85
Ugz_-2tnXtxB4MLfDdZ4AaABAg,Negatif,0.75
UgxQY4OLuZmxu9f1qOR4AaABAg,Positif,0.9
Ugxdv668S-d9G6EgS7h4AaABAg,Negatif,0.7
UgxJTk9_O9uVV84k0oR4AaABAg,Negatif,0.8
UgyZhNqmcFjGjmrBKwB4AaABAg,Positif,0.8
UgwKEM7YvvCz29c3wUp4AaABAg,Positif,0.85
UgxLyDrUmITmw501m-t4AaABAg,Negatif,0.75
UgxJCHzIsDoJiiNFSgZ4AaABAg,Positif,0.85
UgwnjUdN1cw5RIPZ4HB4AaABAg,Positif,0.9
UgysyoKI78kbpwVUYSp4AaABAg,Positif,0.82
UgxZLzg0m7hnwUFlnnF4AaABAg,Positif,0.8
UgwU04Zecz-Wyuwx_eh4AaABAg,Negatif,0.75
UgxTEkMg_HG25g_WXbV4AaABAg,Positif,0.9
Ugzhi6StMR3HVUT_Z8d4AaABAg,Negatif,0.8
Ugw50Mn6VwQ6COP74bh4AaABAg,Positif,0.8
UgwOCJl2K2nm2vkG1JJ4AaABAg,Positif,0.85
UgzInE0UCsDKnLXF7U14AaABAg,Positif,0.9
UgzJ_2GjAR4qAjN4o5J4AaABAg,Negatif,0.8
Ugwah5qRWxdPkB1Jmlp4AaABAg,Positif,0.9
UgzwJfgxvz-u83txP8F4AaABAg,Negatif,0.8
UgxxqSjoZTL5YV-d2qp4AaABAg,Negatif,0.82
UgyxYSFiXvT6P0udqPF4AaABAg,Positif,0.85
UgzafVBjt72oebQfN0d4AaABAg,Positif,0.88
Ugwvo1tFI-B_pPfKMNJ4AaABAg,Negatif,0.75
UgzpBVIrdAL1SGygkip4AaABAg,Negatif,0.8
UgxxHQwdsxpwzBMu37J4AaABAg,Negatif,0.85
Ugwx9Cen8JG6H-K1K4N4AaABAg,Negatif,0.75
UgzP2XKsuTjSDa7t76F4AaABAg,Positif,0.85
UgzQItX4bRulAsBCRhZ4AaABAg,Positif,0.85
Ugxf9S6-Ov8NHKASWJx4AaABAg,Positif,0.8
UgxZBoKwFwqv7Dh50uZ4AaABAg,Negatif,0.9
UgwrFyDVPPCVF1dXOll4AaABAg,Positif,0.9
UgzRsym57kWeIDgDtzF4AaABAg,Negatif,0.82
Ugz4kMt_BgVtSRKRjx54AaABAg,Positif,0.95
Ugybai7gX0i9-tSFcG14AaABAg,Negatif,0.8
UgwW7RbfKatunc23nmJ4AaABAg,Positif,0.8
UgyDpQV3SYrVIJMqLip4AaABAg,Negatif,0.8
Ugwy_o9R_5bI8CrKpD94AaABAg,Positif,0.85
UgxVTQ0TM9K-CymJUtN4AaABAg,Positif,0.8
Ugx8GWS619VWL4HhDPp4AaABAg,Positif,0.85
UgwAu1dl9DEdxDQbZ3V4AaABAg,Positif,0.8
UgwkpcVN3Yp5X2vQUwp4AaABAg,Negatif,0.8
Ugz_PD8iKmM0kW9nkKp4AaABAg,Positif,0.8
UgzwoY-daSJAbMxGQr94AaABAg,Positif,0.95
UgxJ5gM6w2A3t2NY3jp4AaABAg,Negatif,0.75
Ugzw0gw4M-3yKsjaMZh4AaABAg,Negatif,0.75
UgwVo_487qn7NtfP5Yp4AaABAg,Positif,0.9
Ugx3BpfDR78cKobuECh4AaABAg,Negatif,0.75
UgxTEwUCpR_0pOqUPKx4AaABAg,Positif,0.8
Ugy3yd0l0Jt6hQnkXop4AaABAg,Positif,0.88
UgxeY9BX52soILABOvx4AaABAg,Positif,0.85
Ugydfu9Uvb3MRdlEPoJ4AaABAg,Negatif,0.65
Ugzi3qXsSTI26-uSlPl4AaABAg,Negatif,0.8
Ugzmkg0xE0KZKTnEiTV4AaABAg,Positif,0.85
UgwSiV-nBXfdgcMCy414AaABAg,Positif,0.85
Ugzk-0kBNppFjrjAKIh4AaABAg,Negatif,0.75
UgznaYZZRM1aER5vYbB4AaABAg,Positif,0.85
Ugx9o3BCaiNCIvXPdAZ4AaABAg,Negatif,0.8
Ugz-ve-ExX-M6PfwUbN4AaABAg,Negatif,0.78
Ugz1o-mlZYqvUlomXvp4AaABAg,Positif,0.8
UgxIdDWMjwFD-mU-llF4AaABAg,Negatif,0.75
UgzoVLiQMcu9x8qzVxd4AaABAg,Positif,0.95
Ugy5BGyzfw9HddUKTKJ4AaABAg,Negatif,0.8
Ugy7mZEmC0ftrQrWx5p4AaABAg,Negatif,0.8
UgzY1BvH-6-FZ-3AnMx4AaABAg,Positif,0.8
Ugw-y12x4ajmEh9AB2t4AaABAg,Positif,0.9
Ugz7IwVSDaEr6CT3ZWZ4AaABAg,Negatif,0.82
UgyVUkb_w_4zpj28b0Z4AaABAg,Negatif,0.7
UgzXQlOj7yRitj1oJHZ4AaABAg,Negatif,0.75
UgwLQyj0F3M9CJPp5Z14AaABAg,Negatif,0.82
UgwcROAhclKz1sibo_x4AaABAg,Positif,0.8
Ugy1oG4biNNMp4JNg154AaABAg,Negatif,0.7
Ugwz938mF9CyiyndVhV4AaABAg,Positif,0.85
UgzUPiCjIXrZAdCI1y14AaABAg,Negatif,0.85
UgytsndZAvMSRiHxdL14AaABAg,Negatif,0.8
Ugzx59NbY8hweRW3W_h4AaABAg,Positif,0.9
UgxbF7hZG3Ve9ZfQiWF4AaABAg,Positif,0.8
Ugy1aKrdvkHirwk3M3N4AaABAg,Positif,0.8
UgxeLFEKKrsuFBckowB4AaABAg,Negatif,0.7
Ugwqk-HAS8QkE-_Whxl4AaABAg,Negatif,0.75
UgzCI-CfaZ7h6U2P3O94AaABAg,Positif,0.85
UgxlFrB4YjqLEXZCyPx4AaABAg,Positif,0.8
Ugwr9zf5OQE8akKwe7V4AaABAg,Negatif,0.8
UgynOXRkh9NDG7uqTzF4AaABAg,Positif,0.85
UgyWq7ZQKlY8P_niaFt4AaABAg,Positif,0.9
UgwyDEoscRG8k12_tdF4AaABAg,Negatif,0.75
UgzLv2c5Fo-TD_Zx7_Z4AaABAg,Positif,0.9
Ugzfq3HhA6dKv9IF0Kx4AaABAg,Negatif,0.85
UgzDoR00U4pEFqXfITp4AaABAg,Negatif,0.85
UgweUpCPyQTJWUXNVE54AaABAg,Negatif,0.75
Ugzov-eYUcMNk07g5Yl4AaABAg,Positif,0.85
UgxBwyMBnRT6G3DVmS54AaABAg,Positif,0.8
UgxaVOxTY_e9YNornEd4AaABAg,Positif,0.8
Ugx7YoF2bzvnIUq9Q554AaABAg,Negatif,0.75
Ugyg1B5Mcg0C9EfClpd4AaABAg,Negatif,0.8
Ugy_o7Nb5oP-0pnd-vp4AaABAg,Negatif,0.75
UgzkpOyL9L-NygWpbHN4AaABAg,Negatif,0.8
UgxejNU7J372d_WzKaZ4AaABAg,Positif,0.8
UgxNTcquYJUpKQ1KOId4AaABAg,Positif,0.8
UgwfmddUrDgH2ZlJRvJ4AaABAg,Positif,0.8
UgwnlT2dhbglR3VpULl4AaABAg,Negatif,0.75
UgyAj8StvbocJ5QipXh4AaABAg,Positif,0.8
UgyzSYZHv2fY6ktAeAp4AaABAg,Negatif,0.65
UgwZi3IisgO2EY0w_6h4AaABAg,Positif,0.9
UgyyFpw4OwjT88MNURV4AaABAg,Positif,0.8
UgzLM3UsRGihzH467ZR4AaABAg,Positif,0.82
UgzyJfjpl033S4atrqB4AaABAg,Positif,0.85
UgzDESfp4zOepDsUanx4AaABAg,Negatif,0.8
Ugw0StaVWcc4yx4rH694AaABAg,Positif,0.8
UgyopKtyUtTKYfUvWp54AaABAg,Positif,0.8
UgxCC2H4eYXDkvXGY3h4AaABAg,Negatif,0.8
UgwEfLU8Cp7dR2k8Xm94AaABAg,Positif,0.8
UgzEZ6RLq6-Vfp5y6yJ4AaABAg,Negatif,0.8
UgzH5eC_UWL7YdZiu_14AaABAg,Positif,0.85
UgxxQK4c8bQZm-rZJSh4AaABAg,Positif,0.85
UgxunLL5nx-a0HUYgIZ4AaABAg,Positif,0.8
UgyJwoD5YklILyjIb4R4AaABAg,Positif,0.8
UgwZkUHUG3G8jtRwlLt4AaABAg,Negatif,0.75
UgwzpxV1_8TWTw-RJJx4AaABAg,Negatif,0.7
Ugxe3aVH1slbwE4sSDd4AaABAg,Positif,0.85
Ugxt0dt2t0zYc_r8T1B4AaABAg,Positif,0.85
UgzjXDS1z5CEzQbYccR4AaABAg,Positif,0.8
UgyfiH0MKxmM0sykKfN4AaABAg,Positif,0.85
UgyBh7LPDRG4t8bmqUN4AaABAg,Negatif,0.75
UgyT-vvWPfgNEFpm2Wx4AaABAg,Positif,0.85
Ugw-7En07kB9fzXTkmJ4AaABAg,Positif,0.8
Ugwdty6FgK2z8ci_9VV4AaABAg,Positif,0.85
UgwTgC9f4wrVOXPCIMB4AaABAg,Positif,0.85
Ugw8zX7ZwngP2XmTZw14AaABAg,Positif,0.9
UgzDn8WJzgdNUSar55B4AaABAg,Positif,0.9
Ugy8i2Ljc4PnCWesnFZ4AaABAg,Positif,0.8
UgyM_k3ULFfkxZyWR2x4AaABAg,Positif,0.85
UgxKrfsSXi59P24nTL54AaABAg,Positif,0.85
Ugzc09YH_U_jPY2m9C94AaABAg,Negatif,0.8
Ugz1o4DyV0pmR4QKtuh4AaABAg,Positif,0.85
UgwXl1XytZG2ILVYzvl4AaABAg,Negatif,0.8
UgwaxzbUpyPtlZRMkJp4AaABAg,Negatif,0.85
UgwcMpgDEdsuQnY2ueJ4AaABAg,Negatif,0.7
UgyTe4KTvH4bHdDuIbl4AaABAg,Negatif,0.7
Ugyhq4kUNBsGZopa74R4AaABAg,Positif,0.9
UgxZ8iY0cqe0rQggrKR4AaABAg,Positif,0.8
Ugx1zHaShnZX0lyr65F4AaABAg,Negatif,0.78
UgzGTUa8E4krMbJke2B4AaABAg,Positif,0.95
UgzHZJbkXINI4SE1oXp4AaABAg,Positif,0.8
Ugw3De3HtyKJQCcLFWV4AaABAg,Positif,0.8
Ugxi0LNCd0fb7d9JJ1t4AaABAg,Positif,0.8
UgwJw-Wvtn0J5mLlo9t4AaABAg,Negatif,0.8
Ugz44fGaBpmIFdrfj_t4AaABAg,Negatif,0.8
Ugw8567SyBus9CsGyM94AaABAg,Negatif,0.65
UgzEVHRlYAPiByFAF5J4AaABAg,Negatif,0.87
Ugz6r7VqHACB93aZUtl4AaABAg,Positif,0.8
UgwicmD5pK7jIgP4ToZ4AaABAg,Negatif,0.75
UgzuP2I16rknJIw5gTp4AaABAg,Positif,0.9
UgwpOIsdzFNnlhqU01V4AaABAg,Positif,0.9
UgwmGa6KUEgY9xw9rdd4AaABAg,Negatif,0.75
Ugy6U--z9R1L6AhJhvF4AaABAg,Negatif,0.75
UgwCqK9hNcwNy_aUfZx4AaABAg,Negatif,0.75
UgyPR6dGt8pVMZpBOYl4AaABAg,Negatif,0.75
UgyC3bfsRJE0cRXGBxR4AaABAg,Positif,0.8
UgyFhBWyDXAZTPH2ybp4AaABAg,Positif,0.85
Ugxp8YrBaU73HGgyRdd4AaABAg,Positif,0.85
UgxJXq1HeIV46U2hjvF4AaABAg,Positif,0.82
UgylLCqpXic2zvDw8bB4AaABAg,Positif,0.8
UgxiWvYQ-6cifdgiV5p4AaABAg,Positif,0.85
UgzJHYl5Csz3H9SWddR4AaABAg,Positif,0.82
Ugx2kGhSG2iOWJUqp5x4AaABAg,Positif,0.85
UgxM01o2-NFoUso2i3B4AaABAg,Positif,0.85
UgxL9MD-kLlCDC1f57J4AaABAg,Positif,0.9
UgxV7KT9WS0RUAVkCol4AaABAg,Positif,0.8
UgwfhNUOb8Xk6St9nT14AaABAg,Positif,0.8
UgypZnsPvXboahm4eqZ4AaABAg,Positif,0.85
Ugwq9KugAJ6eESHIfbN4AaABAg,Negatif,0.7
UgyhLkzzX3-uWKOXbhp4AaABAg,Positif,0.8
UgzL3jAV5SSVLpaxCHx4AaABAg,Positif,0.8
UgyEtHD71lojdOLm--Z4AaABAg,Negatif,0.78
UgzVEBKgqP_OY6XaFBF4AaABAg,Positif,0.82
UgwWf_3kBFXSs66VbtV4AaABAg,Negatif,0.75
UgwUY7CpuvZcGsNkAK94AaABAg,Positif,0.85
UgxPNF21ilrgh_nzBFx4AaABAg,Positif,0.85
UgwQ1PiBooSJoExaYo14AaABAg,Positif,0.8
UgyAD6bZtYEpy6gy0hx4AaABAg,Negatif,0.7
Ugxop7TMUxwZTJC66RV4AaABAg,Positif,0.8
UgxX-gClhRETbklhgwl4AaABAg,Positif,0.9
UgwZ857JkZ_ksYs2kx54AaABAg,Negatif,0.75
UgyuubtFCkV_wAV_XVl4AaABAg,Positif,0.9
Ugzhz8Dt6oLfuCCfANB4AaABAg,Positif,0.85
UgzboPiuXG4fKaVjPIp4AaABAg,Positif,0.88
UgyerZlZcPOzbZDlgOB4AaABAg,Positif,0.85
Ugwi8g64csBHv9yHdW94AaABAg,Positif,0.8
UgzmWkmYeTLM4sOzobt4AaABAg,Positif,0.85
Ugxaqc-3vxkJxFFL_p94AaABAg,Positif,0.82
UgxFPCTEpr7vRcGmSo14AaABAg,Negatif,0.7
UgyHwqPb2Fe0PpI8JOB4AaABAg,Positif,0.9
UgyamckLFR48I5bxjnp4AaABAg,Negatif,0.75
UgzxlCRA5HHnm2Jkgdt4AaABAg,Negatif,0.75
UgwvzEw0JZSUezrA8Ux4AaABAg,Negatif,0.8
Ugz-g29m4kQKkqAVhOR4AaABAg,Positif,0.85
Ugxp6zOvuHKrFYXJqgJ4AaABAg,Positif,0.85
Ugw9A5lXLF8qttSaBL14AaABAg,Negatif,0.85
Ugy6vfy3vJR_x1dcG-14AaABAg,Negatif,0.75
Ugy4VsU8__CWn_9XDyB4AaABAg,Positif,0.8
UgzV1Iy-EdlqqpM0v514AaABAg,Negatif,0.7
UgwpP2oAYz1PKSxP06x4AaABAg,Positif,0.85
UgylSLvezdj1fxAJFP14AaABAg,Negatif,0.75
UgzCjb6GtYeDL4w66Z14AaABAg,Positif,0.9
UgxZMe8uQcbEhcCeXBF4AaABAg,Positif,0.85
UgzZGvGza8YJSRB58Px4AaABAg,Positif,0.97
UgyFc5vuWVOjIriqcNV4AaABAg,Negatif,0.75
UgyY57kT0C-Kd-ezQ0F4AaABAg,Negatif,0.85
Ugzt2cCa639YtqlTLMF4AaABAg,Positif,0.95
UgxD-2CRkPJu9XW_mEh4AaABAg,Negatif,0.8
UgwLjjqG1pJUXi0i0D54AaABAg,Positif,0.8
UgzVR7mFkQWyLhhqRQV4AaABAg,Positif,0.9
Ugx5LkelZhY-6tdioAl4AaABAg,Negatif,0.75
Ugyu_LQFB7E703XtWxx4AaABAg,Positif,0.85
Ugw0g3Xxll9eNesE2oZ4AaABAg,Positif,0.8
Ugxk6U7_dtb8r5QEKjd4AaABAg,Negatif,0.78
UgzRPgMLdj1yWoYRBPF4AaABAg,Positif,0.85
UgzeOuZJwn28fAnkPCx4AaABAg,Positif,0.85
UgzHgXE6exxm_NpDjNV4AaABAg,Positif,0.85
UgzxgAG-c6D1h2cqwqN4AaABAg,Negatif,0.82
UgzJd4FP1SrsspMIanl4AaABAg,Negatif,0.8
Ugx6vjciuGxo1vT0IQh4AaABAg,Positif,0.8
UgzRhWn17sc8JrAJX1p4AaABAg,Negatif,0.75
Ugyuly9sIYjlaDAlGXZ4AaABAg,Negatif,0.75
UgzMwj3xfbST3esTFgp4AaABAg,Positif,0.9
UgxeeUZJm9Gmd1pfUM14AaABAg,Positif,0.85
UgxRsdSo_HFwE0yF1O14AaABAg,Negatif,0.75
UgxI-AlxM5QOnLp7hzZ4AaABAg,Negatif,0.85
UgzAax5KfJjHWJeWJ694AaABAg,Positif,0.8
UgxM5SUSWjb8z_c90tl4AaABAg,Positif,0.8
Ugw6MSNCvuWkBzfwYnN4AaABAg,Positif,0.8
UgwTKXPh4MoE57EGc_p4AaABAg,Positif,0.8
Ugy8uaxqvL8EQJEebUl4AaABAg,Positif,0.85
UgwbgYsg_QYtFTKFaCx4AaABAg,Positif,0.85
UgyXwCOP-1hCVT-40494AaABAg,Positif,0.8
UgxXLGNbwZ7SOGwQj7d4AaABAg,Positif,0.85
Ugx84uPSwpY0SYMFhn54AaABAg,Positif,0.9
Ugx7tEnmgR-Wnhu4j6Z4AaABAg,Positif,0.9
UgySbCORn64FQ-XYEd14AaABAg,Negatif,0.8
Ugyj2tIOH5w89H4vAJN4AaABAg,Negatif,0.75
UgwFUqO8Hb6Gztons2l4AaABAg,Positif,0.85
UgxshAC2CXnRnbvGfnB4AaABAg,Positif,0.8
Ugzv1IRVbi4ghpxp52B4AaABAg,Positif,0.85
UgzA-ir5_Vka_NsCFIx4AaABAg,Positif,0.8
UgxG6gfMAkuVrlE2MsZ4AaABAg,Positif,0.8
UgyYiMXXsyEh0ZVu0oF4AaABAg,Positif,0.85
UgzYEPC_KYtN9fPveNt4AaABAg,Positif,0.8
UgzH7Dw9g0fVt1W7HmB4AaABAg,Positif,0.9
UgxJtYVNtXX7RV-Ersd4AaABAg,Positif,0.82
UgxOTLXlU9kbwPSxTYh4AaABAg,Negatif,0.8
UgzKvrSOW0JelO3zpex4AaABAg,Positif,0.8
Ugxv4hxGRv3fTmleoiZ4AaABAg,Positif,0.85
Ugxp5jfJ718N9WZyaPJ4AaABAg,Positif,0.9
UgyAgzWxA_inxm3_Jmx4AaABAg,Positif,0.8
UgwJu85XAp78WXUMwKh4AaABAg,Positif,0.8
UgyB9FlX-TkXDsFFGnl4AaABAg,Positif,0.85
UgxsZkVRxxVAkrlVVJl4AaABAg,Negatif,0.85
Ugw8qP8F7ltr5QFVsvF4AaABAg,Positif,0.85
UgyTtrvFT4OyMRcIeKV4AaABAg,Negatif,0.85
Ugyz8cziHrDRdegt6ld4AaABAg,Positif,0.9
Ugwup8xdd4yS9N1ZpuZ4AaABAg,Positif,0.8
UgxKfIVEJyT7VN7MrVl4AaABAg,Negatif,0.82
Ugys36ZPN_qke59dRvh4AaABAg,Positif,0.9
UgzGaFT7zViGzHaCixV4AaABAg,Positif,0.82
UgyGjdhZxVrpqvD78Jl4AaABAg,Negatif,0.75
UgzV76ecMMVtemcXuZZ4AaABAg,Negatif,0.85
UgywZhy1Iop6TQGqsAR4AaABAg,Positif,0.8
Ugw5a5w065FKAEaISOh4AaABAg,Positif,0.85
UgzH0HjJ5zEJM3cU1Ol4AaABAg,Positif,0.82
Ugz3wQ-gCqfqj8yr7XZ4AaABAg,Positif,0.85
UgwAuzmNMU4ltlLiEcV4AaABAg,Negatif,0.8
Ugw8_pvvHJErTudEwNp4AaABAg,Negatif,0.75
Ugw4J3q_Pa_Xc9xl8Dp4AaABAg,Positif,0.8
Ugw6xaGVSj0NvZcWsTp4AaABAg,Positif,0.85
UgwjYLecugPwVBfjoqt4AaABAg,Negatif,0.75
Ugx9-wHXUZ0TAbUbSst4AaABAg,Positif,0.85
UgwDIML_aQw0kJwAx_Z4AaABAg,Positif,0.85
UgxzYgNrp1DbJ2iWoMl4AaABAg,Negatif,0.75
UgyyO0yXc34wjDQzp-J4AaABAg,Positif,0.8
Ugx-CPkxru9dAlGg3K54AaABAg,Negatif,0.7
UgzSbjz9fUAqnfxnKUR4AaABAg,Negatif,0.8
UgxrOMF25yymy9LLAVZ4AaABAg,Negatif,0.75
UgwkklPqA8VkLqMQ1n54AaABAg,Positif,0.8
UgwEnnjU5w2AFDlLzX54AaABAg,Negatif,0.75
Ugx09UEwGyUEs8jvMAB4AaABAg,Positif,0.8
UgyW2qy570edw3ka_4l4AaABAg,Positif,0.8
UgxR_DjOIZrNpzOsiDN4AaABAg,Negatif,0.7
UgzmgQN0xA6gP1MfH7N4AaABAg,Positif,0.8
Ugz5l9ZOEtXiaCM_VUJ4AaABAg,Positif,0.8
UgyaSVqPnTqgcZldcJ14AaABAg,Positif,0.9
UgwBWXVVViFUr_3Nmml4AaABAg,Positif,0.8
UgxIOnj5CoWzM68YZcZ4AaABAg,Positif,0.85
Ugzk4ZedHKMNKu79xpF4AaABAg,Positif,0.85
Ugw4zNGt3pk3hkXZ_8d4AaABAg,Positif,0.8
Ugwl983G9bBVZ9knb554AaABAg,Positif,0.9
UgzVlljF_fV-BJCsJS94AaABAg,Positif,0.85
Ugxel4HHcLW4aJgz_754AaABAg,Negatif,0.85
UgzyVbaFUsHy7ACjyLB4AaABAg,Positif,0.85
UgxrfzdPR-KiErlRR4V4AaABAg,Positif,0.9
UgyRFDs8Jjmb50SYPh14AaABAg,Positif,0.8
UgxbNsZyh9DKz-LFce14AaABAg,Negatif,0.7
UgyAGysZVh8GA2B4ErF4AaABAg,Positif,0.85
UgySGdfkybqzUoqXTlV4AaABAg,Negatif,0.8
UgyZnE4U7WY_yNh2_D94AaABAg,Positif,0.8
UgzbLIqHL3Q_aik325J4AaABAg,Negatif,0.75
UgxlZ35nQImDPABv8hx4AaABAg,Positif,0.8
UgzRRQfxD6qbnyCqP8R4AaABAg,Positif,0.9
UgzGyq7p1LZrkQP6Z7x4AaABAg,Positif,0.9
UgxzUbHG0lRd4D4gXc14AaABAg,Negatif,0.75
UgxoL7_JsY2e-s6WJ0R4AaABAg,Positif,0.85
Ugxpek9ECO904HIOon94AaABAg,Negatif,0.85
UgxTbjRTJowuWMsgLnN4AaABAg,Positif,0.8
Ugx5gUAVGZ-wJLg3xWZ4AaABAg,Negatif,0.72
Ugwe8V_kZxZToLhDmOJ4AaABAg,Negatif,0.75
UgyfQ4sEypcu7_JSAfh4AaABAg,Positif,0.85
UgyM6p7QYjiovYF_a7J4AaABAg,Negatif,0.7
UgzayOzHRSoTlLuinKx4AaABAg,Negatif,0.8
Ugx4UXTfSoZou8MbQk14AaABAg,Positif,0.9
UgwkPoDWd5yli5OqR8N4AaABAg,Positif,0.85
UgxrWR3smb-RSvwUGJp4AaABAg,Positif,0.95
Ugze5Kqk0_QCZ7Q5ipF4AaABAg,Positif,0.88
Ugy82xsGJF0K6nNZbDN4AaABAg,Positif,0.8
UgwrN5UciCRCxIoe61R4AaABAg,Positif,0.95
Ugz3NFLQ8EFRzeFvTWh4AaABAg,Positif,0.8
UgxDluiVZuSV0qJOuHB4AaABAg,Positif,0.85
UgxLpBfvqi_BoBCTcih4AaABAg,Positif,0.85
UgzCOm1pezK931VD2xB4AaABAg,Negatif,0.75
Ugw7sP_LVK0QOcFCDRp4AaABAg,Positif,0.85
Ugz8sGAQBeHd8fqHSXN4AaABAg,Positif,0.82
UgyK193hS8oeLBgzTDJ4AaABAg,Negatif,0.75
UgyGsadvGYHoim2Sv0V4AaABAg,Positif,0.8
UgwQBLCnEIZ2-VMqlDt4AaABAg,Positif,0.8
Ugz_-Gx4_p6MonwJWRl4AaABAg,Positif,0.85
UgyxKdGI0Bvx1lV3Trh4AaABAg,Positif,0.85
UgzxrkqR-7boYPcuODV4AaABAg,Positif,0.85
UgxfkOQUCzfwxoXDgRV4AaABAg,Positif,0.85
UgybmDFoF1zY649Y3PF4AaABAg,Positif,0.8
Ugx1KvCtmjrC60uA4214AaABAg,Negatif,0.85
Ugyc5HVRXuRjGyBs96d4AaABAg,Positif,0.85
UgwNi-qDTmp02bZ8pX14AaABAg,Positif,0.9
Ugyism5A9Ny0BlnB2FN4AaABAg,Positif,0.85
UgzBpsrCCocQTeHgLNZ4AaABAg,Negatif,0.75
UgxvY8KhszqVwSQ3Ztl4AaABAg,Positif,0.8
UgxBkBTt_3KLF4EXzER4AaABAg,Positif,0.85
UgzPVIi5rT6fLEV-Pvh4AaABAg,Negatif,0.8
UgzunDWbBNIzde6sh4Z4AaABAg,Negatif,0.85
UgzjZ7_6T6e7fyHoVNd4AaABAg,Negatif,0.75
UgxWuCCPVxoT2klwwDF4AaABAg,Negatif,0.7
UgxMWS1TIX2k9-2evNF4AaABAg,Positif,0.95
UgxqzlDAkfUAPMPEMBt4AaABAg,Positif,0.8
UgzfRPBcPf4yagZb8Ip4AaABAg,Negatif,0.75
Ugyxr0HwXAQteOrzpG94AaABAg,Positif,0.85
UgzW8mKtX58aUsB9q5F4AaABAg,Positif,0.8
Ugw7GPdOEOkmOzm7esl4AaABAg,Positif,0.8
UgzzUM5cR15EwFNOZLZ4AaABAg,Positif,0.9
Ugy95AJitIq5_nJzN614AaABAg,Negatif,0.8
UgzgyCyQeaOh1ee3cLV4AaABAg,Positif,0.9
UgxZGQa_8OdhEBLdCux4AaABAg,Positif,0.8
Ugz_z0GukQ1PshhescR4AaABAg,Positif,0.85
UgzFACNfLS6nfu9ndf14AaABAg,Positif,0.8
UgxwUJNDIO5a0HdGXSt4AaABAg,Positif,0.8
Ugw9_UxHdBOruI7c9ap4AaABAg,Negatif,0.8
UgxE6VCEn6mKr_3iUsB4AaABAg,Positif,0.95
UgwSCKnFC8STl4C4oZ14AaABAg,Positif,0.8
UgyTEba7lLwl0tHBMrt4AaABAg,Positif,0.8
UgxzFwpZqJsxYZCQ5zJ4AaABAg,Negatif,0.75
UgwbPBGPDSZC_J4fxq14AaABAg,Negatif,0.75
UgzxpSGz3xQHKm6pT414AaABAg,Negatif,0.8
UgyiSrMOVpEeb2ZHczB4AaABAg,Positif,0.8
Ugx91dE0-YQ-S6wtNlF4AaABAg,Positif,0.88
Ugx5KI_YDfvmO3evUNd4AaABAg,Positif,0.8
Ugw8ze0GxaJ3bu128TV4AaABAg,Negatif,0.7
UgwhevheqgeqmWm-FkF4AaABAg,Negatif,0.75
UgwFyF2cn7C0lIX-xrJ4AaABAg,Negatif,0.78
UgxvS9KpiSGXJ-TRtbR4AaABAg,Positif,0.9
UgyBbLOT0BWlYpNd9lh4AaABAg,Negatif,0.7
UgyNmNNUW_OkqTz5WC54AaABAg,Negatif,0.65
UgwNX4zVV9UVjjR1KJF4AaABAg,Positif,0.85
UgwFMS1B7mK2c8XylpB4AaABAg,Positif,0.85
UgyvL5DmfpYYmzfdmUx4AaABAg,Positif,0.8
UgyMT8uCKuFTpOaQBIR4AaABAg,Positif,0.9
UgxG0gFwSnwYKsV9ngR4AaABAg,Positif,0.85
UgyLoEkH1CqhOe-G2vZ4AaABAg,Negatif,0.78
Ugw6ujVyWX87vITpijB4AaABAg,Positif,0.85
UgwDUFJy_e3tKIzRpGR4AaABAg,Negatif,0.75
Ugz3WRN1tfx3wTlKn7h4AaABAg,Positif,0.85
Ugz-HHqWDtcEyStujFN4AaABAg,Positif,0.85
UgxN4-tACTQ3aWb1E9N4AaABAg,Positif,0.8
Ugw2ujPwi1inVJvNMMt4AaABAg,Positif,0.85
UgyEf7sOrmuWKERX9o54AaABAg,Negatif,0.8
UgxC8GY7PK0jaVgDREV4AaABAg,Positif,0.8
UgyLupRGMzOqjvBbwiZ4AaABAg,Positif,0.8
UgyQbvuxbEnmzwnMJoV4AaABAg,Positif,0.95
Ugzf-CJGEZ9Wv7iauY94AaABAg,Positif,0.8
UgxA6qjAWYysptaSSYh4AaABAg,Positif,0.85
UgwJJA_1SzTs4Gjaw-h4AaABAg,Positif,0.8
UgzSlpyjPKOGfcRY28B4AaABAg,Negatif,0.7
Ugxr1PXA2COG5CkYjM94AaABAg,Positif,0.85
Ugxw6AsqbUGUqOyrYdB4AaABAg,Positif,0.88
UgwsjW53_AVgIqClttF4AaABAg,Positif,0.85
UgxR4sNsz0bL3EUzneB4AaABAg,Positif,0.9
UgwOtP4q3u5nZ9jzowl4AaABAg,Negatif,0.7
UgxqellTXVDeUqCdbxh4AaABAg,Positif,0.85
Ugw9IhVjSCnR_bZGnNR4AaABAg,Positif,0.85
UgxY0PJv8Axsbcsd3CR4AaABAg,Negatif,0.75
UgwoTlbQvDi2C5k7mux4AaABAg,Positif,0.9
UgzMVHRLp4Ml4DrrqG54AaABAg,Positif,0.95
UgwC8O42GObLHNKq0cN4AaABAg,Positif,0.8
Ugydf4rseAyeCO3O7l54AaABAg,Positif,0.8
UgybJB9j4SAlL0jPJ4t4AaABAg,Positif,0.85
Ugwk_O05u5eshiz3UHt4AaABAg,Positif,0.85
Ugx_TUh8s6CMVFc8pjl4AaABAg,Negatif,0.8
UgxACZSHaPpnGO5QglZ4AaABAg,Negatif,0.7
UgwgyhDgetCopnIqLBd4AaABAg,Positif,0.8
UgxIolBwCXvNwkfJg0p4AaABAg,Positif,0.85
UgyiVBb3tDAqIwCG1yd4AaABAg,Positif,0.8
UgzQs7kzfSYPSBxT82p4AaABAg,Positif,0.85
UgzoCkhnSXXx58gIzU14AaABAg,Positif,0.85
UgzkhuAmDEOUVfGmWtt4AaABAg,Positif,0.8
UgxVHuf1btuTGWHQjgN4AaABAg,Negatif,0.7
UgxQZ5PREXJTwaueslR4AaABAg,Negatif,0.65
Ugzj1SRwh-ZntNBoO5h4AaABAg,Positif,0.9
UgyYTuy3I5Kz6mhQYot4AaABAg,Positif,0.85
Ugwme1jww2-Rx5iIjAN4AaABAg,Positif,0.85
UgyeGPHrijm_ZL_SgEp4AaABAg,Negatif,0.8
UgyVIUhCZyUNI2g9JhR4AaABAg,Positif,0.8
UgymkkNovHJena6nxXt4AaABAg,Positif,0.8
UgwNufREyGFdBR8A6jV4AaABAg,Positif,0.85
UgwxQnOU7YGnKLEeJxt4AaABAg,Negatif,0.8
UgxnE55n6eLa3ZL0Ovl4AaABAg,Positif,0.85
Ugz_1U-8nfbjjusrdSJ4AaABAg,Positif,0.85
UgxPwYKdjLZj78CGWtV4AaABAg,Positif,0.85
Ugw6B3VEnqrMSMxZzb54AaABAg,Positif,0.85
UgxrYpq0Uig_zT1r0GJ4AaABAg,Positif,0.85
Ugzygxd8DO1vAlS7H4N4AaABAg,Negatif,0.9
UgzNNkorqTkGoqdaySt4AaABAg,Positif,0.8
Ugz4cRUaenGU3vC8LzN4AaABAg,Positif,0.9
Ugy0xyGI0JM0JG91an14AaABAg,Negatif,0.8
Ugxzl-nQ392wB-sr2WR4AaABAg,Negatif,0.78
UgzWhfJmRIPhrXbmVdh4AaABAg,Negatif,0.75
Ugyf-OVkJRubL8PNraN4AaABAg,Negatif,0.7
UgzGa_Ik0zi8WnNfzAZ4AaABAg,Positif,0.8
Ugzj3Kgc8PZ5jRKToc94AaABAg,Positif,0.9
UgzNYdxDe3r1CUWyrAx4AaABAg,Positif,0.8
UgzGV0Eut1ivlHgcuHl4AaABAg,Negatif,0.8
Ugz_zMWOOD20p9PsqSZ4AaABAg,Positif,0.92
UgzSd644Xz2vJSSZ4h94AaABAg,Positif,0.8
UgzHnqGdszM71MMknnl4AaABAg,Positif,0.8
Ugzj0wIRZAZxasvQLst4AaABAg,Negatif,0.75
UgztIPAdoyfoEfanI7p4AaABAg,Positif,0.85
Ugy7aJiHGw2QhHVq-1p4AaABAg,Negatif,0.82
UgwGuVpCaykqLrm9jWd4AaABAg,Positif,0.85
UgxJuCBp0JmbT3pL_UF4AaABAg,Positif,0.85
UgwJebdvJ2ZZnlRRwdF4AaABAg,Positif,0.8
UgxwOs98a1qyLO88vjF4AaABAg,Negatif,0.7
UgysCDo91GvwypyqqCN4AaABAg,Positif,0.85
Ugyz454U71F-nftiBWB4AaABAg,Positif,0.8
UgwXBEsA81ZcfujBHm14AaABAg,Negatif,0.8
UgzVbdPVjIvoHSSKfqV4AaABAg,Positif,0.8
Ugx0teWfKlHTcAzDojd4AaABAg,Negatif,0.75
Ugy9HGkbwvvWJ_X1vxd4AaABAg,Positif,0.8
Ugxgxdkc4rX7lVAf1zJ4AaABAg,Positif,0.8
Ugxnq7r7ea5bxvijYvR4AaABAg,Positif,0.9
UgyQpt9aROPEjW2GwAh4AaABAg,Positif,0.8
Ugx40y8F9J7UJZqyKtd4AaABAg,Positif,0.8
UgzHGBWDAhBa2ZaYqsJ4AaABAg,Positif,0.9
UgzwmTEB3Z7hU_knRul4AaABAg,Positif,0.95
UgyZjxbzUte2kz9lAdR4AaABAg,Negatif,0.8
Ugy58IS2fZZ0MF2FUJh4AaABAg,Negatif,0.75
UgyNYBHaVisAj6v5K454AaABAg,Positif,0.85
Ugx-E0nhET2tEj5z10x4AaABAg,Positif,0.8
UgxlaLMz1q5udIsq_RZ4AaABAg,Positif,0.85
UgzO7_uR2Z51BnPGhOp4AaABAg,Positif,0.82
UgyEiIvmJSTBnwFA4wB4AaABAg,Positif,0.85
UgydLagIjW8fTzzYHzd4AaABAg,Positif,0.9
UgwVHGTwBeBw5DMBjJ54AaABAg,Positif,0.8
UgyAzoG5ldlXv9K0Zxd4AaABAg,Positif,0.82
Ugz5UssHpdNgadSWnzN4AaABAg,Positif,0.92
UgxB0QBQEL93QwjZ3At4AaABAg,Positif,0.9
Ugwu8fwbJKhtqcJbzkF4AaABAg,Negatif,0.92
UgwrauXSs9gb-fkEYdR4AaABAg,Positif,0.85
Ugx0_dVGVTmfuhuQqYB4AaABAg,Positif,0.9
UgyFo0pu3PGNQgsjodZ4AaABAg,Negatif,0.75
UgwvqkwJcLphSGOxm9B4AaABAg,Positif,0.8
UgxGuwdYE7PUxwO67xN4AaABAg,Positif,0.85
UgxDTZFDp7UAG7AjWp54AaABAg,Positif,0.8
UgwAXurrzE9XKFn40UN4AaABAg,Negatif,0.75
Ugwg9NtM1SDDA5VtNfd4AaABAg,Positif,0.9
UgxHZe_6nac43PC3dQJ4AaABAg,Positif,0.8
Ugz1a3VikusRVIddJQB4AaABAg,Positif,0.9
UgwtKGy7COlQ41b_Gpp4AaABAg,Positif,0.85
UgxkZ7sWtskXLHp1TSF4AaABAg,Positif,0.9
UgzA36OAFLCQhYxMIhd4AaABAg,Positif,0.85
Ugwt871q00gXtCNI8rp4AaABAg,Positif,0.9
UgzKM3nWcEIXHr4UL9l4AaABAg,Positif,0.8
UgzdAw7sJmgZW_-926x4AaABAg,Positif,0.85
UgxZtFP51KxjExEXusN4AaABAg,Positif,0.8
UgxytPikt3szHWJbPKp4AaABAg,Negatif,0.8
UgxSnCj-8xNHPHpArM94AaABAg,Positif,0.85
UgyzAKkdK5Bj_1uu6Mp4AaABAg,Positif,0.88
UgzMw8LMtu2l3EnG-ax4AaABAg,Negatif,0.75
UgzS4PuTpaQ83Sn3b2p4AaABAg,Positif,0.85
UgzPpoKRCajrDyli56F4AaABAg,Negatif,0.9
UgzcrbggDblR9oSesMx4AaABAg,Positif,0.85
UgzzH8OvaD2ToMBzZIF4AaABAg,Positif,0.82
UgzdXD2eDOidZn1k6gZ4AaABAg,Negatif,0.7
UgxDMHYvgKKPP2E_tEF4AaABAg,Positif,0.8
UgyR-J-P7kl9RC1Zrwx4AaABAg,Positif,0.8
Ugy6auwEnpKb1tS9DyR4AaABAg,Positif,0.8
UgzG649MVAY2wYq9hvx4AaABAg,Positif,0.85
UgxcrNgPb8OOd-S07bF4AaABAg,Positif,0.85
UgwgnhK75D98l4RZnkR4AaABAg,Positif,0.8
Ugz_mYRnxUQxHrsBVRd4AaABAg,Positif,0.9
UgxXQfc0NfJz7nJ6ADl4AaABAg,Positif,0.85
UgzZFyHmvhwKhPTdq6F4AaABAg,Negatif,0.8
Ugw2c3hgSOMIyYjBNc14AaABAg,Negatif,0.8
UgzMazLlH75TEEqD6Ht4AaABAg,Positif,0.8
UgyDGlsvglm7MjmFIvd4AaABAg,Positif,0.8
UgyidwWPkYsGK_jauZ14AaABAg,Positif,0.8
Ugw7LtHgJcXWaJJ3tB94AaABAg,Positif,0.8
UgziuGkca1J5JP1kjep4AaABAg,Negatif,0.85
UgzCyEDjcMs0eGw1MGV4AaABAg,Positif,0.9
UgwkHiNxcMITDGEfyBt4AaABAg,Positif,0.85
UgyXzQldvtoaEnFLC-54AaABAg,Positif,0.8
UgzvSRibjlmDXSosO4h4AaABAg,Positif,0.9
UgzKHflZxlUxyPbTtcd4AaABAg,Positif,0.95
UgzDTM6L5DQqwUfNvyJ4AaABAg,Positif,0.8
UgxAPnV1sllkCZbBccR4AaABAg,Positif,0.8
Ugz5Rf-nOVIKZhe_o7R4AaABAg,Positif,0.9
Ugwf46d65pk7YKUNthx4AaABAg,Positif,0.85
Ugz7drvaSD2j_95vMxp4AaABAg,Negatif,0.75
UgzK4TRPm8Vqx7nmQPt4AaABAg,Negatif,0.85
UgwZ2EzfOENZ28srUPB4AaABAg,Negatif,0.7
UgzBRqBmTbr6kKGQrPl4AaABAg,Positif,0.8
UgxOizIOQbBTkNAUdS14AaABAg,Positif,0.9
Ugzrp2f1K_YfzPap29d4AaABAg,Positif,0.9
Ugy7s-WCkTTfaAKs0Kt4AaABAg,Positif,0.85
UgzU2QynGLcmParsAix4AaABAg,Negatif,0.75
UgwWWLUVRivNT7axax54AaABAg,Negatif,0.7
UgyLLHO1IU_r6g7_JZd4AaABAg,Positif,0.85
Ugw2nVp7xh5_zBsWMHZ4AaABAg,Negatif,0.8
UgwEgSIswk9VY5_0s3d4AaABAg,Positif,0.85
UgzZ18S7wiV2zvsz4bZ4AaABAg,Negatif,0.8
UgzSdSjBqbTMHU2-CGl4AaABAg,Positif,0.8
UgyL88jHTOz-zQDkOgh4AaABAg,Positif,0.8
UgyrvrWnTijdVGkeW4p4AaABAg,Negatif,0.7
Ugx2z5EbPpcyRwgHdFp4AaABAg,Positif,0.85
UgzEKgj-pUVUf7bZ9aJ4AaABAg,Positif,0.9
UgyXaWfIVHLIVl_ZmTp4AaABAg,Negatif,0.75
UgzRASUEW_22v0KN7n94AaABAg,Negatif,0.85
Ugx3u0jRLjZ1X0S0seV4AaABAg,Positif,0.85
UgyPQ5lJnES9t2hoqZd4AaABAg,Negatif,0.75
Ugxghx5KnDz_cdI2x7p4AaABAg,Negatif,0.75
Ugx3F6gOll3dlvCmpTh4AaABAg,Positif,0.8
UgxOKYQsOOP07OPo7wl4AaABAg,Negatif,0.75
Ugx190iqYM2DyWFPTiR4AaABAg,Positif,0.8
Ugw5Car52XDhOFUqdgx4AaABAg,Positif,0.88
UgzOLdJbU7Bf29iS88Z4AaABAg,Negatif,0.8
Ugx8LAGoSrGNvva0d8Z4AaABAg,Positif,0.8
UgzmlPcmqNkr4s1z3Pl4AaABAg,Negatif,0.75
UgxDcWlBxYfj4kanQOF4AaABAg,Positif,0.88
UgwTXaPn7Ghpi4nM6Jt4AaABAg,Positif,0.8
Ugz8xIakFEcPSbu2bId4AaABAg,Positif,0.88
UgxgJam2eHaWaV-L4WR4AaABAg,Positif,0.9
UgwC_C3qvDe-l1aNLv14AaABAg,Negatif,0.8
UgwB02r-Zu68sDCiSaF4AaABAg,Negatif,0.75
UgxPpd_shyxMBMK56_94AaABAg,Positif,0.85
Ugx2dP7CCg-WzvwK_0N4AaABAg,Negatif,0.75
UgyTshw3vSdA0QFK6ht4AaABAg,Positif,0.82
UgwF6aBSZSDbufWW6094AaABAg,Positif,0.8
Ugxz6bn77Xq_i6EME9p4AaABAg,Negatif,0.82
UgwlOGFymhtt-kOU5XB4AaABAg,Positif,0.82
Ugx3qZ2GB6yuHrMgYQp4AaABAg,Negatif,0.75
Ugx7KfkCiQWtgOEqv7p4AaABAg,Positif,0.8
Ugy2uusshbR7DfKrPUp4AaABAg,Positif,0.8
UgwLBkbgXixJlZ3BYH14AaABAg,Positif,0.8
UgxM_AxiHUOKYVBojHB4AaABAg,Positif,0.85
UgyPZlTQURUWqZfcxG54AaABAg,Positif,0.82
UgxjfIWO5gaQ0rPRXNx4AaABAg,Positif,0.85
Ugy8-AFZEeRIXAWGQFp4AaABAg,Positif,0.8
Ugyomw6xxJP93GfVci94AaABAg,Negatif,0.65
UgwIfav6SXgexb7mkCp4AaABAg,Negatif,0.75
UgzGbR3qV0IsVZoZ22N4AaABAg,Positif,0.9
UgyIBNALDScc530Zxwl4AaABAg,Negatif,0.88
UgwP3e07aldXDS54sEJ4AaABAg,Negatif,0.8
Ugz6ofdGFZPZKboACWJ4AaABAg,Positif,0.95
UgzIqxgeQZoETUZh4Wx4AaABAg,Positif,0.8
UgzOOnMQLSea0qk9EcR4AaABAg,Positif,0.8
UgwqX0O4uAup9QCDh4Z4AaABAg,Negatif,0.8
UgyNnKYJ0ReDc7qFJiR4AaABAg,Positif,0.8
Ugy4SwH6Met1ZFkx3tR4AaABAg,Positif,0.8
Ugz94RZQgIfojoJ_ceZ4AaABAg,Positif,0.85
UgzeDA2O8kAwmEM04CB4AaABAg,Negatif,0.65
UgzdFhTsgwjXxHN1iL94AaABAg,Negatif,0.75
UgzYFmHkIrPhExd38_p4AaABAg,Positif,0.9
UgznpdN98LYvYE-z0-54AaABAg,Negatif,0.75
UgzpIweDu2Ci0CXaJ6N4AaABAg,Positif,0.95
UgxqPJScIYQ7O1OIGuF4AaABAg,Positif,0.95
UgzPhUyVj2xUuXEWT8x4AaABAg,Positif,0.8
UgyNL7WKd8Bi_MTPk7F4AaABAg,Positif,0.8
UgzVgGXlEl7JJ4JDGyF4AaABAg,Negatif,0.8
UgznmuSjLrMQRYmP9PF4AaABAg,Negatif,0.8
UgzLxfhW9oYbXzsCvrB4AaABAg,Positif,0.8
UgwXHTntYWX8Cdwv8NJ4AaABAg,Negatif,0.75
UgzPwSAm3VyYPt6bVwp4AaABAg,Negatif,0.8
UgwrVhvZTJw9_gDDGgx4AaABAg,Positif,0.9
UgycqtMgUbCLeQTAb9l4AaABAg,Positif,0.82
UgwVJIiKwRMR8-xvRMV4AaABAg,Negatif,0.85
UgyNwzaylQGy_Xg-pTd4AaABAg,Positif,0.8
Ugx7gy0F53FXgT2RZ9p4AaABAg,Positif,0.9
UgzycHTahftl_M_pbK94AaABAg,Positif,0.85
UgxjI5U2kPSWUCOxbqh4AaABAg,Positif,0.8
UgyIOzIN6GTZ4PeaDD14AaABAg,Positif,0.8
UgwEaDv-rLtckeBeZeJ4AaABAg,Positif,0.93
UgyRxkntkZNRCXtWnFt4AaABAg,Positif,0.87
UgyQkAtsYql9d7ntGeh4AaABAg,Negatif,0.7
UgyRvxYyF4mAh1Ry0ad4AaABAg,Positif,0.8
UgzkYR11YnSYhARkhvl4AaABAg,Positif,0.9
UgwSUMogsk_bVS8_QcV4AaABAg,Negatif,0.75
UgwQ5RxjeQXjpmcFOlF4AaABAg,Positif,0.8
Ugz9FPYLpuw5Hl16h0x4AaABAg,Positif,0.85
UgzusOTq_w4k-rdzCCV4AaABAg,Negatif,0.75
Ugzuz9AZdkwlxYhh3Fl4AaABAg,Positif,0.85
Ugy0KH106Px-Opy_4yV4AaABAg,Negatif,0.8
UgzK8-9bGLYhU-Fkzjt4AaABAg,Negatif,0.8
Ugw-LGfTn1nabY8Kj5d4AaABAg,Positif,0.8
Ugy5eANGYe55yrwy_RV4AaABAg,Positif,0.85
UgwrqzbybhQQ3fvDtoh4AaABAg,Negatif,0.85
Ugy-pQaQNixHEi5iau14AaABAg,Negatif,0.8
UgzU9oCvZvooA5P4vg54AaABAg,Positif,0.8
Ugy2mUum4R2Mrf7e0QF4AaABAg,Positif,0.85
UgwsacBQ1_Pij4VqIR54AaABAg,Positif,0.9
UgwJX23Y46SI1ToCF5p4AaABAg,Negatif,0.75
UgyjObo-TdhPrs8DxUN4AaABAg,Positif,0.8
Ugy9ggNnTpW4R3UMf7F4AaABAg,Positif,0.8
Ugy1kEodmawWcIh9KhF4AaABAg,Negatif,0.7
Ugy-LQvG0hcPfWGUcc54AaABAg,Positif,0.9
UgzgzKLK97lo6gg4nOh4AaABAg,Negatif,0.75
UgyTGdZdn86Rl890Hqd4AaABAg,Negatif,0.65
UgyFhLiWJSz9qvqBpz54AaABAg,Positif,0.9
UgzXIj5G52aUvgQqoER4AaABAg,Positif,0.85
Ugw1SUBVMc8XRSNHg_d4AaABAg,Positif,0.8
UgybET-lrtM_-e9baxl4AaABAg,Positif,0.8
UgxFBzEVN4ksjC__uEB4AaABAg,Positif,0.85
UgyPd9cQTqXrrHViRgV4AaABAg,Negatif,0.8
Ugw7MqGiwownR5OIe1p4AaABAg,Negatif,0.8
UgwIibWrXS5u6_LhM2h4AaABAg,Positif,0.8
UgyW-5yOU5arYQZMGoJ4AaABAg,Negatif,0.7
Ugw72mSbtaR4oEPPyu94AaABAg,Positif,0.8
UgwnNpRKqBrLK_TLJiB4AaABAg,Negatif,0.78
UgwoBZGnfNpGiR9Q9EV4AaABAg,Positif,0.85
UgxfrdUdMmAW7RtOtqx4AaABAg,Negatif,0.7
UgxmLYhKgDsb5aU24sd4AaABAg,Negatif,0.8
UgwWgExs1Xz4XdzC5o54AaABAg,Positif,0.8
UgxoglTXksq7Rpbj6hZ4AaABAg,Negatif,0.8
UgylyslZaPT7zbBJDV94AaABAg,Negatif,0.75
UgyJvnw-pJubzg730cV4AaABAg,Negatif,0.8
UgzAmUi2McKyFUkleGZ4AaABAg,Positif,0.85
Ugx35ac4mTsZpocOwCd4AaABAg,Negatif,0.8
UgxVE27n4MTpVV_UKsN4AaABAg,Negatif,0.75
UgzjeJod1labnpI1V4l4AaABAg,Positif,0.85
Ugz3ZsTl1WfRKfmzgFd4AaABAg,Positif,0.85
UgyW8z_ESgzYO17jqrN4AaABAg,Positif,0.85
UgwLNJkYutUVUsY63jd4AaABAg,Positif,0.8
UgwmeKC-LHh7ptwPyuR4AaABAg,Negatif,0.8
Ugx40i4EkeOvmAfIhop4AaABAg,Negatif,0.8
UgxwmQmQBRNL30lcTXd4AaABAg,Positif,0.9
UgxHx8Ug-145JpEcQTV4AaABAg,Positif,0.8
UgzyRny8qw4uS-breL14AaABAg,Positif,0.85
UgwJ1AUpLSrWpOwEeqB4AaABAg,Positif,0.8
Ugx5fru_3KSdPSdajwx4AaABAg,Negatif,0.8
UgzyrCIsSb9vLGKw5194AaABAg,Negatif,0.75
UgwnFT1Rj_BdueRBf8J4AaABAg,Positif,0.9
Ugz1860nrH0UNsz2DN54AaABAg,Negatif,0.75
UgxPqsbVAMSjahXhAGB4AaABAg,Negatif,0.75
UgyhnznQUVVt9lagtbt4AaABAg,Positif,0.85
Ugz2pgXEv1K2OusZrWx4AaABAg,Positif,0.82
Ugxn_feFx1WB08VFw1Z4AaABAg,Positif,0.8
UgwQJT2V0nFSf9lozc94AaABAg,Positif,0.93
Ugy1GW7lb8Q6NQZgWYx4AaABAg,Positif,0.85
UgzAtMFwCC2ac34agcB4AaABAg,Positif,0.99
UgwO2F__jtJlGRkM6r54AaABAg,Positif,0.85
Ugzu6z9bzqAT08JUJ6x4AaABAg,Negatif,0.9
UgwC6FnvYnJScTlLdZF4AaABAg,Positif,0.85
Ugxu2qykQOp12RtHfwV4AaABAg,Negatif,0.75
Ugx_RHSC_YKtaFeDHW14AaABAg,Positif,0.8
Ugyopi9ALkOpzq-hUcB4AaABAg,Positif,0.8
UgzvdjLNsS0kOa3LPfd4AaABAg,Negatif,0.75
Ugyb3u7wqLpChhBwEXl4AaABAg,Positif,0.85
UgxXRdxuLZnmlN-T0L54AaABAg,Positif,0.8
UgwruwJ1-wI7clwubJd4AaABAg,Positif,0.85
UgxwUVkOKTOufcI_Dr14AaABAg,Negatif,0.75
Ugxoj73drAmRgM3qztl4AaABAg,Negatif,0.7
UgzZi9c2TFDr3Kx5IyJ4AaABAg,Positif,0.8
Ugxqnmg1uzv0x9wDwpF4AaABAg,Negatif,0.85
UgzxlvDCza4fXNxYZXN4AaABAg,Positif,0.85
UgwqNP3dEeiJUSF_bl54AaABAg,Negatif,0.8
UgzGkkJjONfTV2WDnm94AaABAg,Negatif,0.8
UgyLOqtG0wm0EkmRaSx4AaABAg,Positif,0.82
UgxoJAUkLoXvSeuZK5N4AaABAg,Positif,0.85
Ugy6aZnlZpo9gpEeeDl4AaABAg,Negatif,0.8
Ugz6EJ70vd6IuNKe5VZ4AaABAg,Negatif,0.7
UgyA8WngJwfP63zSbPd4AaABAg,Positif,0.85
UgxXl5h3gJUGw-rxyxF4AaABAg,Positif,0.8
UgygOdrPCMoH-C_dpYp4AaABAg,Negatif,0.75
Ugz1rRNEngA87izsLnp4AaABAg,Positif,0.8
UgwmOsxmcnLzPuHeTkN4AaABAg,Negatif,0.75
UgxtcAIoHEZrTIzCx1h4AaABAg,Positif,0.85
UgzKk7xFtlZQRkiLeY14AaABAg,Positif,0.8
UgzfDb6KBL1MsE0sx5d4AaABAg,Positif,0.8
Ugz4kIBuApwCg-mJZsN4AaABAg,Negatif,0.75
UgysxPmrpNv2MSHtiFV4AaABAg,Negatif,0.7
Ugz_7UZrNAl_6d0cmRB4AaABAg,Negatif,0.8
UgzNY48j0BRH2WM6CUh4AaABAg,Positif,0.9
Ugwn9ZI_T2LNKoEEs914AaABAg,Positif,0.85
UgxDxtc93BZyPvcOP9p4AaABAg,Negatif,0.8
UgzIWiwm_hVyjwR3ViN4AaABAg,Negatif,0.8
Ugx-FTGdwPjf3N_BnYJ4AaABAg,Negatif,0.8
UgyHQNEKmOU966e9lcJ4AaABAg,Positif,0.85
Ugx1XSlZYNnMGmRNMMp4AaABAg,Positif,0.85
UgxInb_FpPVDsL4pAzp4AaABAg,Positif,0.85
UgwWhl5HRAUKqw2a-M94AaABAg,Positif,0.88
UgxS6sYa9zzyOKeTvFZ4AaABAg,Positif,0.85
UgzNy98bfm_028Ah3t94AaABAg,Positif,0.8
Ugz-tMrF1yWUSTkK9kV4AaABAg,Negatif,0.8
Ugz1sB8GPSziZM18f014AaABAg,Negatif,0.75
UgwsMiYKhuTZ30sGci94AaABAg,Positif,0.85
UgxUDU3g6sdZib31TxJ4AaABAg,Positif,0.8
UgyC8QWuFU-CdSGb0-l4AaABAg,Negatif,0.7
UgyNHNmW2R3-gX4fr1F4AaABAg,Positif,0.85
UgwF0Y4yKgI20woSv714AaABAg,Positif,0.8
Ugw7p5LrUb_VmHBd_ox4AaABAg,Positif,0.8
UgwQe1tPj-GrIdFz8D14AaABAg,Negatif,0.75
Ugxn01y1lwVpNAC6A7h4AaABAg,Positif,0.8
UgzvjjQxdf2GlQgmoF54AaABAg,Negatif,0.75
UgyfxYxlCQ1GctwYLUp4AaABAg,Positif,0.85
UgzJmkIHfJjdd3CuKv54AaABAg,Positif,0.95
Ugy0t1PvXCX-HUKMOm54AaABAg,Negatif,0.7
UgzIr_6hwPZuJF8ZltN4AaABAg,Positif,0.85
UgxaOq_BAfWMFCWNsIZ4AaABAg,Positif,0.8
UgzCaw6DUngkpQxhmYV4AaABAg,Positif,0.9
UgwE8Tzj8WdJ3qIzGLR4AaABAg,Negatif,0.82
UgxjAzalUdleVzEM6Hp4AaABAg,Negatif,0.8
UgxDiBTpgoedv9CoGN14AaABAg,Negatif,0.7
Ugx6eLf1Uge2od8-4_F4AaABAg,Negatif,0.8
UgxQ7NvY1ORi_y2Qg2x4AaABAg,Positif,0.8
UgxzGUVf9Fxz50QLyW54AaABAg,Negatif,0.8
UgwEsTUILPRUhiQ_bmJ4AaABAg,Negatif,0.85
UgzUtzx_Q7N4ZpgU8kR4AaABAg,Positif,0.8
UgwQX1n7Gu7S38W7DCh4AaABAg,Positif,0.8
UgxG4zfFmvru_rXR_SN4AaABAg,Negatif,0.7
UgyZuYs-q81mfBa62gN4AaABAg,Positif,0.82
UgwQIVSZMXLt1qXGAYp4AaABAg,Positif,0.8
UgyaJ158OcKX4B8kFzF4AaABAg,Negatif,0.85
UgzMod8s7kjUDSFDC8R4AaABAg,Positif,0.9
UgxR6k_oGE9EvwFj-GB4AaABAg,Negatif,0.8
UgwpTWErKS_H29MfbJN4AaABAg,Negatif,0.7
Ugyo4WBgFuiAOXZfobB4AaABAg,Negatif,0.7
UgxRQGkDCQlM3aq62ap4AaABAg,Negatif,0.78
UgxwzCA85bfN8E-eR-d4AaABAg,Positif,0.85
UgzPkmAUF8_0lPWUthp4AaABAg,Positif,0.85
UgxeA6Ewtaob2PqUdRx4AaABAg,Positif,0.85
Ugw5NAKQ4zs9j8GGYnJ4AaABAg,Positif,0.85
UgzWR1xSBLx41_P-55t4AaABAg,Positif,0.8
Ugya4rLFJnXp11DRL_d4AaABAg,Positif,0.8
Ugxt9oRn7oNvhXFGEaR4AaABAg,Positif,0.9
UgzXk5VMst6729A-2qt4AaABAg,Negatif,0.75
Ugy7NKq6hNveBPU6pNd4AaABAg,Positif,0.8
UgzsOzrCJynQkN5gaK94AaABAg,Negatif,0.75
UgxIlyVmEKgVLok1jyp4AaABAg,Positif,0.85
UgwntOfHKGfXphwlnal4AaABAg,Positif,0.8
UgzfX26muWJcT_3f5qt4AaABAg,Positif,0.85
UgyiLj_xF_dTIw9Zo9d4AaABAg,Positif,0.8
UgxvNSqe9T_8UsmTQ7d4AaABAg,Negatif,0.75
Ugy7OqYutsqF0FHr20B4AaABAg,Positif,0.82
UgyQstiSBuFPfjy3kMZ4AaABAg,Positif,0.85
UgwB8gy-0K93gC2Tl-p4AaABAg,Negatif,0.75
Ugw3CS-5yMQCrxATyCt4AaABAg,Negatif,0.75
UgzmbTDhrahflZ6Mld14AaABAg,Positif,0.85
UgxtVzHAg1zha2ay1uB4AaABAg,Negatif,0.8
UgygB7X1lxBITtSmCQd4AaABAg,Positif,0.85
Ugy_vo8qLnwRRJyRzAd4AaABAg,Negatif,0.8
UgzJayLRdi_UvDejsiZ4AaABAg,Positif,0.8
Ugyng_KQ6J8HTB_qLXF4AaABAg,Positif,0.8
Ugy6gvmkf9I4s-gYNFN4AaABAg,Negatif,0.7
Ugx54BADTS18mle95rx4AaABAg,Negatif,0.8
Ugy1xVh5Xa8G_F1E71x4AaABAg,Negatif,0.7
UgxV9c4GWgVLvC0ZCUt4AaABAg,Positif,0.9
Ugys61cOEFMXZ7P83BN4AaABAg,Positif,0.88
Ugzf7SXYWpJvLtYuh794AaABAg,Negatif,0.8
UgyNHDxy9HdQ1oGGocV4AaABAg,Negatif,0.85
Ugymb3c_tFA0xNjJQ014AaABAg,Positif,0.85
Ugymfm52udqc7CxxSBR4AaABAg,Positif,0.9
UgwdHA31NWDvDrZhiuR4AaABAg,Positif,0.8
UgxPM1v6tCHPegmve7N4AaABAg,Negatif,0.9
UgziDUALxW4oSbJ7-it4AaABAg,Positif,0.85
UgzwNx1HpXfj5Cu6W0p4AaABAg,Positif,0.85
Ugxfk5BmWa5H1JRqRAJ4AaABAg,Negatif,0.75
Ugw5RgM4juD66tnomlF4AaABAg,Positif,0.85
UgyU16ZQrEkGwLzFEIt4AaABAg,Positif,0.8
UgzWq69FwYejfVaQ23B4AaABAg,Positif,0.8
Ugz-fMqt6R0NOQ84-5x4AaABAg,Positif,0.8
UgyD0L1tdKVPad2mfk94AaABAg,Positif,0.8
Ugx_92_bN477C-d7Xr94AaABAg,Positif,0.8
UgwqiMkrCwzy4Qq6Ga54AaABAg,Positif,0.9
UgxHLesWVYvqFmmbmYh4AaABAg,Positif,0.8
UgzUR-KZwyfJWlUGrQ14AaABAg,Negatif,0.8
UgzAH8jG6XUC_3EjB254AaABAg,Positif,0.85
UgyWiUemoBzN4_W5m9h4AaABAg,Negatif,0.75
Ugz1h84CopiPgG3qI4V4AaABAg,Positif,0.85
UgzXJTIjJ-2bwJlfKw14AaABAg,Negatif,0.65
UgwFFgDoX-0t-eo02dF4AaABAg,Negatif,0.88
Ugy-hT40Diy02qKHO494AaABAg,Positif,0.85
UgxVfZDg6Z-jcyjDSGJ4AaABAg,Negatif,0.75
UgxZLnEWSbWp3LFp5-V4AaABAg,Positif,0.85
UgwVN2vQps8wgNLOVw54AaABAg,Positif,0.9
UgzlroTmgptSjBZFk1Z4AaABAg,Positif,0.8
UgzQGCOHpffyUs6kMTh4AaABAg,Positif,0.8
Ugxa62EAfY9UMvZJuCl4AaABAg,Positif,0.8
Ugz2KSwYAxzSBKIPAz94AaABAg,Positif,0.8
UgzrjBfKikiJZDPQD0Z4AaABAg,Positif,0.85
UgzmFoGjFuSFRRtafYh4AaABAg,Negatif,0.8
Ugx7VzfzztFC7sIpHqx4AaABAg,Negatif,0.85
UgyY0FMDcHpUq891-Xx4AaABAg,Positif,0.82
UgzG8E8TTePckkVcrUZ4AaABAg,Negatif,0.7
UgzhPzMEDeMA3ySrkeZ4AaABAg,Positif,0.85
UgyHTQ5hDKjaVvSJ39h4AaABAg,Positif,0.85
UgwXFpFn_GNaz5MIzTh4AaABAg,Positif,0.8
UgwEFRhq8aGtFR8f6WB4AaABAg,Positif,0.85
UgwI0uc0c3UsXtImDHh4AaABAg,Positif,0.85
UgxQsTpixVwQkO38mXh4AaABAg,Negatif,0.8
UgwXSY3zrYSBr869XXp4AaABAg,Positif,0.8
Ugz_xl7vujASlmD38Zh4AaABAg,Positif,0.8
UgyORoPPiZX44vKMAkR4AaABAg,Positif,0.8
UgxbR8yuFBvlD_gOXbZ4AaABAg,Negatif,0.75
UgxMDhonjzpuqVuh4ER4AaABAg,Positif,0.8
UgxL5QLLxlm9HRNmjgV4AaABAg,Negatif,0.75
Ugz_JWKhJjXI9gVEhiR4AaABAg,Negatif,0.8
UgwZxLby2p4GR97CvzB4AaABAg,Negatif,0.8
UgyrZacZHzuENR1KBdV4AaABAg,Negatif,0.8
Ugyukg43pnyMOAukq854AaABAg,Positif,0.85
UgzCAOh__NtqAmV2mW94AaABAg,Positif,0.85
UgwiqTa0t52-munE5A54AaABAg,Negatif,0.75
Ugyu-N7qS0F4J3pXELB4AaABAg,Positif,0.8
UgyntiEmWc3P1LD0ENh4AaABAg,Positif,0.88
UgwfxN0QAno-cIPRMLp4AaABAg,Positif,0.85
UgwLG4G_lnpSiTDmiS94AaABAg,Positif,0.8
UgxOLrdMEQcBfKV98Ap4AaABAg,Positif,0.85
UgwL_tbQJhVGJo4D-Qh4AaABAg,Positif,0.8
Ugz98q81c62QW5Ht4Q54AaABAg,Negatif,0.65
UgzvltNSbmJK25HW0jF4AaABAg,Positif,0.85
UgzkR3CRn8FrjjFWT7d4AaABAg,Positif,0.8
UgyXUSCW3Ip3C7hnYTp4AaABAg,Negatif,0.7
Ugzgq5ws41FD3QyLwrd4AaABAg,Positif,0.8
UgxqICEmW0IGy35b33l4AaABAg,Negatif,0.62
UgwrZm5SYurbu0ObWHF4AaABAg,Negatif,0.75
Ugy6RtHnpBpy78q0v414AaABAg,Positif,0.85
UgxeZ6Wcb9qRNPJzFzZ4AaABAg,Positif,0.8
Ugw_A8HvslRi5JMHRid4AaABAg,Positif,0.85
Ugz-YSpayXJR5tiUhSt4AaABAg,Positif,0.85
UgxrHxL0WsBaVoht0CV4AaABAg,Positif,0.8
Ugztrj_NMqlc_DJx9fN4AaABAg,Negatif,0.75
Ugy8LHBxczLgMCaqhQZ4AaABAg,Positif,0.9
Ugw3z9Ng_olccz2FAeR4AaABAg,Positif,0.8
UgzoDsOC4VldU8hBOwJ4AaABAg,Negatif,0.75
UgxZMX1dUuJlOAJb6pJ4AaABAg,Negatif,0.8
UgwfB3i0ecknNbeR42Z4AaABAg,Positif,0.95
UgwklkkhcUbIZbfU9rB4AaABAg,Positif,0.85
UgyCfFnKpJ9whpi380V4AaABAg,Positif,0.9
Ugz_TxOSyqVGDYN8GbJ4AaABAg,Positif,0.8
UgxEc5VrtJQB5hhpnSZ4AaABAg,Negatif,0.7
Ugx203HOLw4Z0VzT9-B4AaABAg,Negatif,0.8
UgyoYMq87ZSISxpXMc54AaABAg,Positif,0.9
UgyTbD4Ny9-bXi_gu6p4AaABAg,Positif,0.8
Ugw5E24zfd8O0D0D7MN4AaABAg,Negatif,0.7
UgzA4LtnhwDW57aHxgF4AaABAg,Positif,0.82
UgyYz5Mzy_V-eNZrHtF4AaABAg,Positif,0.8
Ugx_Pe49zuoIWkZcGEh4AaABAg,Positif,0.8
UgxCyf8oZUnykW8Pd654AaABAg,Positif,0.95
UgwC6tN-xxLtlU1BGWV4AaABAg,Positif,0.85
Ugy9yZM5xvZZWFVIPux4AaABAg,Positif,0.85
Ugxl9dTcQsu4lRdyHGl4AaABAg,Negatif,0.75
Ugzid4de2CiItVmXPA94AaABAg,Positif,0.8
Ugzny2otgoC2NnY-cGh4AaABAg,Positif,0.85
Ugy8uULUH5UdvOwptoR4AaABAg,Negatif,0.75
UgxWIgg01Vixefg5HoJ4AaABAg,Positif,0.8
UgwskYGBfm_PXe-YY5l4AaABAg,Positif,0.8
UgxzKnwLNuD2oyfpWNd4AaABAg,Negatif,0.8
Ugxj9F5Nw8NBLsA67uV4AaABAg,Positif,0.8
UgySfXXi6tMThkcPQfB4AaABAg,Positif,0.8
Ugypw6tjw7mvdAqWoIx4AaABAg,Positif,0.8
Ugw7ai9zJLpmepWO5Et4AaABAg,Positif,0.95
UgyBDtjgdE69wM99fCZ4AaABAg,Positif,0.8
UgzlwF0DcC1V3Yzvi7t4AaABAg,Negatif,0.75
UgwjyGxOMiAoLz4TsS14AaABAg,Positif,0.88
UgyoyYsPQXJToNpEcKt4AaABAg,Positif,0.87
Ugxk0nw9N1X1ln3C6ix4AaABAg,Negatif,0.75
UgzDFWfnHFjTq8D_qGF4AaABAg,Positif,0.88
UgxWgKeevyAsuDmQpQR4AaABAg,Positif,0.8
Ugy-EhWVKZLXInRiOal4AaABAg,Positif,0.85
UgzPm4qplN__eJo6vO54AaABAg,Positif,0.8
UgzOL799oGwzZ0ZLFk94AaABAg,Positif,0.8
UgzNtKeTbdfXkTEIJnV4AaABAg,Negatif,0.8
UgzY_0CNm5FW6054zm14AaABAg,Positif,0.8
UgyFtqB2m7eHkCFCCNR4AaABAg,Negatif,0.8
Ugw1d1aaCVnxax2d0kx4AaABAg,Positif,0.9
Ugx0DfXHOZF9MqDznUl4AaABAg,Negatif,0.7
Ugy2fboTS52dhXQuGy14AaABAg,Positif,0.8
UgwUR4ze8a3YF8Ommix4AaABAg,Negatif,0.8
UgxyRMNPnA9e4Gg-xC54AaABAg,Negatif,0.8
UgyuKoe6ioDhRlMdR_p4AaABAg,Positif,0.8
Ugz6Qko1q5_Sbl1uJGF4AaABAg,Negatif,0.75
UgwFO5oZ4xLD_rg0tlF4AaABAg,Positif,0.8
UgymfyNSmP3Piq5R7O94AaABAg,Positif,0.88
Ugx6ypmdDfmTr3gwTrB4AaABAg,Positif,0.8
UgxMGJNlKYXD3OADehR4AaABAg,Positif,0.8
UgwT4iHvPeMgCxGiQqx4AaABAg,Positif,0.9
UgyPiWonpA1L9P_4p3t4AaABAg,Positif,0.82
UgyELGY2aQxYbPiC27V4AaABAg,Negatif,0.8
UgwBnRK3laphc0CaLsZ4AaABAg,Positif,0.85
UgzBXm-PIhFWH5N7RkF4AaABAg,Negatif,0.78
Ugzq_jywp8wPfJz6AjV4AaABAg,Positif,0.85
Ugy6_c13dmfcp9svytF4AaABAg,Positif,0.85
UgwMyx-3xqZpKmQUUMl4AaABAg,Negatif,0.8
Ugzjmpfdz-ij6VnGguJ4AaABAg,Negatif,0.65
UgwhUhsY9lCdQQk1nZV4AaABAg,Positif,0.8
UgzYtNpx9FQ4uNPJaZR4AaABAg,Positif,0.9
UgxvBeujWvlcxE8-Kpd4AaABAg,Positif,0.88
UgzFtm10BkRTs_ZhpzJ4AaABAg,Negatif,0.8
UgwCugCbo05msuhbCUF4AaABAg,Positif,0.85
UgyuDZI3zbF-z9MCz5Z4AaABAg,Negatif,0.8
UgzgRw3d7J2wQjGPGNh4AaABAg,Positif,0.8
UgzJnjUUZI2F7G27TV14AaABAg,Positif,0.9
UgzwOBrmOtxvROK2Pth4AaABAg,Negatif,0.75
UgxQ8dhay_Zo78V4uzF4AaABAg,Negatif,0.75
UgzgUvrsluE3KkOpwXJ4AaABAg,Positif,0.8
UgzSqe5p-UGHINiPr_l4AaABAg,Positif,0.9
UgxIfAQB2dFQSgd_Lpp4AaABAg,Positif,0.85
UgynQm4Pil8-K3H95ld4AaABAg,Positif,0.8
UgxbKQsxaywnFRAL0it4AaABAg,Negatif,0.75
UgwBRvTai2shTMnbyLF4AaABAg,Negatif,0.85
UgzIOQI5J9xyn6Li1Fl4AaABAg,Positif,0.95
UgwRNiKL4CRpKeQu-np4AaABAg,Positif,0.8
Ugxte4XjyGB0027R4IZ4AaABAg,Positif,0.85
UgwChV1O4u4ekpC6-jZ4AaABAg,Negatif,0.7
UgxFrYmO4Cu37XtYXOt4AaABAg,Positif,0.85
UgzcskWCFxTuH_K-ij54AaABAg,Positif,0.8
Ugypi1YIzS1zav7wYoJ4AaABAg,Positif,0.8
UgxlV3CYGVGJgy1YPHF4AaABAg,Positif,0.8
Ugz6VJpXJTHOKBHI7OV4AaABAg,Positif,0.8
UgzS9ZPfvj1hRD77TPF4AaABAg,Negatif,0.75
UgzyZiVI4mm07ZSKQBx4AaABAg,Positif,0.82
UgzejyIOjoxpmkOZuAJ4AaABAg,Negatif,0.85
UgwgiEvgDePtrrgnn3d4AaABAg,Positif,0.8
Ugz8nh0xIlXeE9K1NQx4AaABAg,Positif,0.85
UgxVjYzrVG64S_EjnLd4AaABAg,Negatif,0.7
Ugxy7ZWQwVhKoLXaTk54AaABAg,Negatif,0.72
UgyyjfzPPTcDkrYJisd4AaABAg,Negatif,0.8
UgzsXmVe0uewKanU2tJ4AaABAg,Negatif,0.85
UgwGcbK4000FbLRUbU94AaABAg,Negatif,0.82
UgxIalQhiRAVw0bAhIZ4AaABAg,Positif,0.85
UgwSdcpTRGtmiRPGAbp4AaABAg,Positif,0.8
UgycaLyRWiGSuEUTRkx4AaABAg,Negatif,0.8
UgwixLEO_TYml4jxJDt4AaABAg,Positif,0.82
UgzWZhZhhgiPM0BEnzt4AaABAg,Positif,0.8
UgyL39iGcyA41MfmGO94AaABAg,Positif,0.8
UgzO9R6vEDSi5y93R8N4AaABAg,Negatif,0.8
UgzU-mEXELyTLMdecLN4AaABAg,Positif,0.8
UgwjZnttPVLjO1iciWp4AaABAg,Negatif,0.75
Ugw_Bm2IiqYP-jsVr0Z4AaABAg,Negatif,0.7
UgySEImxk646YDr8ID54AaABAg,Negatif,0.7
Ugz25aTFPk8EPx_LPJp4AaABAg,Positif,0.95
UgzXb-iie6ukVGvt0QZ4AaABAg,Positif,0.8
UgzSrgzHypoNp3Moqi94AaABAg,Negatif,0.85
UgzejzvJ-bsyBbgaQM54AaABAg,Negatif,0.8
Ugx_Ix_8yLKD-mK3BnR4AaABAg,Positif,0.8
